- Full Chart
10.0     100.4
10.01    100.4
10.02    100.4
10.03    100.2
10.04    99.8
10.05    99.3
10.06    98.5
10.07    97.3
10.08    95.9
10.09    95.5
10.1     94.7
10.11    94.7
10.12    97.6
10.13    103.5
10.14    110.3
10.15    114.5
10.16    115.0
10.17    112.8
10.18    109.9
10.19    107.3
10.2     104.7
10.21    101.7
10.22    98.4
10.23    95.7
10.24    93.9
10.25    92.9
10.26    92.9
10.27    94.2
10.28    96.8
10.29    99.9
10.3     101.8
10.31    101.6
10.32    100.1
10.33    98.7
10.34    98.2
10.35    98.5
10.36    99.0
10.37    99.0
10.38    98.6
10.39    98.5
10.4     98.3
10.41    98.1
10.42    98.1
10.43    98.3
10.44    98.9
10.45    99.5
10.46    100.7
10.47    102.2
10.48    103.6
10.49    105.0
10.5     106.7
10.51    108.0
10.52    107.8
10.53    105.5
10.54    102.2
10.55    100.1
10.56    100.2
10.57    101.7
10.58    101.2
10.59    97.7
10.6     96.3
10.61    93.8
10.62    92.9
10.63    94.8
10.64    98.3
10.65    101.9
10.66    104.8
10.67    106.5
10.68    106.8
10.69    105.7
10.7     103.7
10.71    101.1
10.72    98.4
10.73    95.9
10.74    93.5
10.75    91.5
10.76    90.4
10.77    90.9
10.78    93.1
10.79    96.1
10.8     98.9
10.81    100.4
10.82    100.5
10.83    99.2
10.84    97.3
10.85    95.7
10.86    95.4
10.87    96.8
10.88    99.3
10.89    101.4
10.9     101.8
10.91    100.3
10.92    98.5
10.93    97.7
10.94    98.4
10.95    99.3
10.96    99.0
10.97    97.5
10.98    96.7
10.99    96.8
11.0     98.3
11.01    100.8
11.02    103.7
11.03    105.6
11.04    105.8
11.05    104.4
11.06    102.4
11.07    100.7
11.08    99.7
11.09    99.3
11.1     98.8
11.11    98.3
11.12    98.3
11.13    98.9
11.14    99.9
11.15    101.8
11.16    105.0
11.17    109.1
11.18    112.4
11.19    113.8
11.2     113.1
11.21    111.2
11.22    109.1
11.23    107.2
11.24    105.7
11.25    105.4
11.26    107.2
11.27    111.0
11.28    115.0
11.29    116.6
11.3     114.6
11.31    110.3
11.32    105.8
11.33    103.1
11.34    102.3
11.35    102.2
11.36    101.5
11.37    100.1
11.38    99.2
11.39    98.0
11.4     96.8
11.41    95.9
11.42    95.3
11.43    95.2
11.44    95.9
11.45    96.8
11.46    98.8
11.47    101.7
11.48    104.7
11.49    107.2
11.5     109.4
11.51    111.2
11.52    112.2
11.53    111.7
11.54    109.9
11.55    107.4
11.56    105.1
11.57    103.1
11.58    100.8
11.59    98.2
11.6     96.2
11.61    96.7
11.62    100.2
11.63    105.6
11.64    110.3
11.65    112.2
11.66    111.1
11.67    108.4
11.68    106.2
11.69    105.7
11.7     106.9
11.71    109.1
11.72    110.8
11.73    111.3
11.74    110.5
11.75    108.3
11.76    106.0
11.77    105.0
11.78    106.9
11.79    111.2
11.8     115.3
11.81    116.5
11.82    114.4
11.83    111.2
11.84    109.4
11.85    109.9
11.86    111.7
11.87    113.7
11.88    115.0
11.89    115.7
11.9     116.2
11.91    116.0
11.92    115.9
11.93    114.8
11.94    113.1
11.95    112.3
11.96    113.1
11.97    114.1
11.98    112.7
11.99    108.2
12.0     103.0
12.01    100.9
12.02    103.6
12.03    109.8
12.04    116.0
12.05    119.4
12.06    119.6
12.07    118.3
12.08    117.9
12.09    118.7
12.1     119.7
12.11    119.7
12.12    118.5
12.13    116.5
12.14    114.3
12.15    112.4
12.16    110.9
12.17    109.7
12.18    110.3
12.19    114.0
12.2     120.6
12.21    126.8
12.22    129.2
12.23    126.7
12.24    121.6
12.25    116.6
12.26    113.4
12.27    112.3
12.28    112.7
12.29    114.0
12.3     116.2
12.31    119.8
12.32    125.1
12.33    131.6
12.34    136.7
12.35    137.8
12.36    134.4
12.37    129.0
12.38    124.9
12.39    123.6
12.4     123.3
12.41    121.8
12.42    118.1
12.43    113.2
12.44    109.0
12.45    108.0
12.46    110.8
12.47    115.9
12.48    121.8
12.49    127.6
12.5     132.2
12.51    134.2
12.52    133.1
12.53    129.9
12.54    126.6
12.55    124.8
12.56    124.2
12.57    124.4
12.58    125.1
12.59    126.6
12.6     128.9
12.61    130.8
12.62    131.0
12.63    128.8
12.64    124.6
12.65    120.6
12.66    118.8
12.67    120.0
12.68    123.2
12.69    126.2
12.7     128.7
12.71    131.3
12.72    134.6
12.73    137.3
12.74    137.3
12.75    134.4
12.76    130.1
12.77    126.0
12.78    122.6
12.79    119.4
12.8     116.7
12.81    116.3
12.82    119.7
12.83    126.3
12.84    132.8
12.85    136.1
12.86    135.0
12.87    131.5
12.88    128.7
12.89    128.2
12.9     129.0
12.91    128.9
12.92    126.8
12.93    123.8
12.94    122.4
12.95    123.7
12.96    126.9
12.97    129.5
12.98    130.4
12.99    129.8
13.0     128.7
13.01    127.7
13.02    127.4
13.03    128.0
13.04    129.0
13.05    128.9
13.06    126.2
13.07    121.1
13.08    115.9
13.09    113.0
13.1     113.3
13.11    116.5
13.12    121.2
13.13    125.7
13.14    127.6
13.15    125.5
13.16    120.9
13.17    117.1
13.18    116.9
13.19    119.7
13.2     122.6
13.21    123.3
13.22    121.8
13.23    120.1
13.24    119.9
13.25    121.2
13.26    122.4
13.27    122.0
13.28    120.0
13.29    117.5
13.3     115.4
13.31    113.9
13.32    113.2
13.33    113.6
13.34    114.8
13.35    116.4
13.36    117.6
13.37    117.8
13.38    116.8
13.39    114.6
13.4     112.0
13.41    110.6
13.42    111.7
13.43    115.1
13.44    118.8
13.45    120.6
13.46    119.5
13.47    116.2
13.48    112.4
13.49    109.2
13.5     107.1
13.51    106.1
13.52    106.5
13.53    108.4
13.54    111.6
13.55    115.0
13.56    117.4
13.57    118.4
13.58    118.8
13.59    119.8
13.6     121.7
13.61    123.0
13.62    121.6
13.63    116.1
13.64    107.9
13.65    100.4
13.66    97.1
13.67    99.1
13.68    104.3
13.69    108.9
13.7     110.2
13.71    108.3
13.72    105.8
13.73    105.0
13.74    105.9
13.75    106.5
13.76    105.4
13.77    103.4
13.78    102.9
13.79    105.6
13.8     110.9
13.81    115.9
13.82    117.6
13.83    115.1
13.84    110.5
13.85    106.5
13.86    104.8
13.87    105.0
13.88    106.1
13.89    106.9
13.9     107.3
13.91    107.9
13.92    108.1
13.93    108.1
13.94    107.8
13.95    107.4
13.96    107.0
13.97    106.8
13.98    106.7
13.99    107.0
14.0     107.6
14.01    108.4
14.02    109.4
14.03    110.4
14.04    111.1
14.05    111.6
14.06    111.8
14.07    111.3
14.08    110.2
14.09    109.8
14.1     108.5
14.11    107.3
14.12    108.3
14.13    111.4
14.14    114.3
14.15    114.2
14.16    110.7
14.17    106.3
14.18    104.5
14.19    106.2
14.2     109.9
14.21    113.2
14.22    114.1
14.23    112.7
14.24    109.7
14.25    106.3
14.26    104.2
14.27    104.5
14.28    106.7
14.29    108.8
14.3     109.5
14.31    109.6
14.32    111.1
14.33    114.4
14.34    118.2
14.35    119.7
14.36    117.9
14.37    114.0
14.38    110.5
14.39    109.5
14.4     110.6
14.41    111.4
14.42    109.9
14.43    106.2
14.44    102.8
14.45    101.8
14.46    103.5
14.47    106.0
14.48    107.4
14.49    107.3
14.5     106.1
14.51    104.7
14.52    103.5
14.53    102.4
14.54    101.1
14.55    100.4
14.56    101.2
14.57    104.5
14.58    109.2
14.59    112.6
14.6     112.6
14.61    109.1
14.62    104.4
14.63    101.2
14.64    100.5
14.65    101.6
14.66    102.9
14.67    103.4
14.68    103.3
14.69    103.7
14.7     105.6
14.71    108.5
14.72    110.5
14.73    109.5
14.74    105.3
14.75    100.8
14.76    99.8
14.77    103.4
14.78    108.6
14.79    110.8
14.8     107.8
14.81    101.4
14.82    95.9
14.83    94.7
14.84    98.5
14.85    104.9
14.86    110.4
14.87    112.4
14.88    110.3
14.89    106.0
14.9     101.8
14.91    99.4
14.92    99.3
14.93    101.1
14.94    104.5
14.95    108.5
14.96    110.8
14.97    109.3
14.98    103.9
14.99    97.5
15.0     94.1
15.01    95.3
15.02    99.1
15.03    102.0
15.04    102.3
15.05    100.5
15.06    98.5
15.07    97.7
15.08    98.3
15.09    100.3
15.1     103.1
15.11    105.5
15.12    106.9
15.13    107.0
15.14    106.3
15.15    105.1
15.16    103.6
15.17    102.1
15.18    100.9
15.19    100.6
15.2     101.7
15.21    104.3
15.22    107.5
15.23    109.6
15.24    109.2
15.25    106.2
15.26    102.3
15.27    100.0
15.28    100.5
15.29    103.0
15.3     104.7
15.31    104.3
15.32    102.6
15.33    102.1
15.34    104.0
15.35    107.0
15.36    108.7
15.37    108.0
15.38    105.5
15.39    103.6
15.4     103.7
15.41    105.9
15.42    109.4
15.43    112.8
15.44    114.9
15.45    115.6
15.46    115.2
15.47    114.2
15.48    113.1
15.49    111.6
15.5     109.7
15.51    107.5
15.52    105.7
15.53    104.4
15.54    103.4
15.55    102.9
15.56    103.0
15.57    103.4
15.58    104.3
15.59    105.4
15.6     106.6
15.61    108.2
15.62    110.4
15.63    112.6
15.64    113.4
15.65    112.1
15.66    109.8
15.67    108.4
15.68    109.1
15.69    111.3
15.7     113.2
15.71    113.2
15.72    110.8
15.73    107.0
15.74    104.1
15.75    104.4
15.76    108.3
15.77    114.2
15.78    118.9
15.79    120.4
15.8     118.0
15.81    113.1
15.82    108.1
15.83    104.8
15.84    103.9
15.85    105.3
15.86    107.9
15.87    110.6
15.88    112.4
15.89    112.3
15.9     110.2
15.91    106.9
15.92    104.2
15.93    103.7
15.94    105.8
15.95    109.1
15.96    111.0
15.97    109.9
15.98    106.8
15.99    104.2
16.0     103.6
16.01    104.8
16.02    106.3
16.03    107.0
16.04    106.9
16.05    107.2
16.06    106.9
16.07    106.5
16.08    106.5
16.09    106.5
16.1     107.0
16.11    108.9
16.12    112.4
16.13    116.1
16.14    117.7
16.15    116.0
16.16    111.5
16.17    106.8
16.18    104.6
16.19    106.1
16.2     110.6
16.21    115.9
16.22    119.2
16.23    118.9
16.24    115.2
16.25    110.1
16.26    106.1
16.27    104.3
16.28    104.0
16.29    104.3
16.3     104.5
16.31    104.6
16.32    105.0
16.33    105.4
16.34    105.8
16.35    106.4
16.36    107.0
16.37    107.8
16.38    108.7
16.39    109.7
16.4     110.8
16.41    112.1
16.42    113.5
16.43    114.9
16.44    116.1
16.45    116.9
16.46    117.2
16.47    116.9
16.48    115.5
16.49    112.4
16.5     107.2
16.51    101.1
16.52    96.5
16.53    96.2
16.54    100.8
16.55    108.4
16.56    115.5
16.57    119.1
16.58    118.8
16.59    116.6
16.6     115.2
16.61    115.8
16.62    117.7
16.63    119.0
16.64    118.2
16.65    115.4
16.66    111.7
16.67    109.0
16.68    108.0
16.69    108.7
16.7     110.1
16.71    111.6
16.72    113.5
16.73    115.3
16.74    116.4
16.75    116.8
16.76    117.2
16.77    118.4
16.78    120.2
16.79    120.8
16.8     118.0
16.81    112.2
16.82    106.5
16.83    105.0
16.84    108.8
16.85    115.0
16.86    119.2
16.87    119.1
16.88    116.2
16.89    114.0
16.9     115.0
16.91    118.7
16.92    122.8
16.93    124.9
16.94    124.2
16.95    122.1
16.96    121.3
16.97    123.0
16.98    126.6
16.99    129.1
17.0     127.8
17.01    122.2
17.02    114.8
17.03    109.3
17.04    108.0
17.05    110.7
17.06    115.2
17.07    118.7
17.08    119.5
17.09    117.9
17.1     116.3
17.11    116.6
17.12    119.5
17.13    123.2
17.14    125.3
17.15    124.1
17.16    120.8
17.17    118.2
17.18    118.9
17.19    123.0
17.2     127.5
17.21    128.7
17.22    125.6
17.23    120.9
17.24    118.6
17.25    120.7
17.26    125.8
17.27    130.1
17.28    130.5
17.29    127.4
17.3     124.0
17.31    123.1
17.32    125.4
17.33    128.2
17.34    128.8
17.35    126.4
17.36    123.2
17.37    121.3
17.38    121.3
17.39    121.9
17.4     121.6
17.41    120.2
17.42    119.1
17.43    117.5
17.44    115.8
17.45    114.3
17.46    113.3
17.47    112.5
17.48    112.0
17.49    111.5
17.5     110.6
17.51    109.1
17.52    107.5
17.53    106.1
17.54    104.4
17.55    105.0
17.56    108.1
17.57    112.6
17.58    117.3
17.59    121.1
17.6     122.4
17.61    120.4
17.62    115.9
17.63    111.7
17.64    110.1
17.65    111.4
17.66    114.0
17.67    115.7
17.68    115.6
17.69    114.4
17.7     113.4
17.71    113.9
17.72    115.8
17.73    117.9
17.74    118.3
17.75    116.4
17.76    113.5
17.77    112.2
17.78    114.1
17.79    117.9
17.8     120.0
17.81    117.9
17.82    112.6
17.83    107.6
17.84    105.6
17.85    106.8
17.86    108.9
17.87    109.3
17.88    106.9
17.89    103.6
17.9     102.4
17.91    105.5
17.92    112.0
17.93    118.6
17.94    121.6
17.95    119.5
17.96    113.8
17.97    107.9
17.98    104.7
17.99    105.4
18.0     108.3
18.01    110.5
18.02    110.3
18.03    108.6
18.04    108.1
18.05    110.4
18.06    114.6
18.07    118.0
18.08    118.8
18.09    117.2
18.1     114.4
18.11    111.2
18.12    108.1
18.13    105.5
18.14    104.5
18.15    105.5
18.16    108.2
18.17    111.1
18.18    111.9
18.19    109.8
18.2     106.3
18.21    104.4
18.22    106.0
18.23    110.0
18.24    113.9
18.25    116.1
18.26    117.1
18.27    118.1
18.28    119.1
18.29    119.2
18.3     117.9
18.31    116.3
18.32    116.2
18.33    118.2
18.34    120.7
18.35    121.4
18.36    119.5
18.37    116.0
18.38    112.8
18.39    111.6
18.4     112.3
18.41    114.0
18.42    116.1
18.43    118.7
18.44    121.5
18.45    123.8
18.46    124.2
18.47    122.3
18.48    119.5
18.49    117.6
18.5     117.4
18.51    118.1
18.52    118.7
18.53    119.1
18.54    120.2
18.55    121.9
18.56    122.6
18.57    121.1
18.58    118.0
18.59    115.5
18.6     114.7
18.61    114.9
18.62    114.6
18.63    113.9
18.64    113.8
18.65    113.5
18.66    113.3
18.67    113.1
18.68    113.1
18.69    113.0
18.7     112.9
18.71    112.8
18.72    112.6
18.73    112.3
18.74    112.0
18.75    111.8
18.76    112.0
18.77    112.4
18.78    113.6
18.79    115.9
18.8     118.8
18.81    121.2
18.82    122.0
18.83    121.2
18.84    119.4
18.85    117.9
18.86    116.7
18.87    115.6
18.88    114.8
18.89    115.2
18.9     117.5
18.91    120.9
18.92    123.2
18.93    122.3
18.94    118.1
18.95    112.9
18.96    109.5
18.97    109.5
18.98    111.7
18.99    113.3
19.0     112.3
19.01    109.7
19.02    108.2
19.03    110.0
19.04    115.0
19.05    120.7
19.06    124.4
19.07    124.7
19.08    122.4
19.09    119.4
19.1     117.8
19.11    118.6
19.12    120.7
19.13    122.4
19.14    122.6
19.15    121.8
19.16    120.6
19.17    119.4
19.18    117.4
19.19    114.2
19.2     110.8
19.21    109.9
19.22    113.3
19.23    120.3
19.24    127.3
19.25    130.3
19.26    128.0
19.27    122.4
19.28    117.0
19.29    114.2
19.3     114.0
19.31    114.6
19.32    114.4
19.33    112.8
19.34    110.8
19.35    109.9
19.36    111.7
19.37    116.0
19.38    121.6
19.39    126.1
19.4     127.4
19.41    124.8
19.42    119.5
19.43    114.1
19.44    111.4
19.45    112.4
19.46    116.0
19.47    119.5
19.48    120.9
19.49    120.1
19.5     119.2
19.51    120.1
19.52    123.1
19.53    126.7
19.54    128.3
19.55    126.2
19.56    121.2
19.57    115.7
19.58    112.9
19.59    114.1
19.6     118.1
19.61    122.5
19.62    125.0
19.63    125.2
19.64    124.1
19.65    123.0
19.66    122.2
19.67    121.1
19.68    119.2
19.69    117.2
19.7     116.2
19.71    118.1
19.72    118.7
19.73    119.2
19.74    119.2
19.75    118.8
19.76    117.7
19.77    116.4
19.78    117.2
19.79    120.2
19.8     123.8
19.81    126.2
19.82    126.7
19.83    125.5
19.84    123.3
19.85    121.0
19.86    119.1
19.87    117.9
19.88    117.5
19.89    117.9
19.9     119.6
19.91    122.6
19.92    125.4
19.93    125.6
19.94    122.4
19.95    117.5
19.96    114.8
19.97    116.9
19.98    122.5
19.99    127.7
20.0     128.8
20.01    125.3
20.02    119.6
20.03    114.9
20.04    113.2
20.05    114.0
20.06    115.3
20.07    115.7
20.08    115.0
20.09    115.2
20.1     115.5
20.11    115.9
20.12    117.5
20.13    120.5
20.14    124.5
20.15    127.9
20.16    129.7
20.17    129.5
20.18    128.2
20.19    126.2
20.2     123.2
20.21    119.0
20.22    114.5
20.23    111.2
20.24    110.6
20.25    112.3
20.26    114.6
20.27    115.8
20.28    115.4
20.29    115.0
20.3     116.8
20.31    121.0
20.32    124.8
20.33    125.2
20.34    121.4
20.35    116.4
20.36    113.7
20.37    113.9
20.38    114.6
20.39    113.4
20.4     111.1
20.41    110.2
20.42    112.4
20.43    116.5
20.44    119.8
20.45    121.0
20.46    120.7
20.47    120.1
20.48    119.6
20.49    118.9
20.5     117.9
20.51    116.8
20.52    116.4
20.53    116.7
20.54    117.0
20.55    117.6
20.56    118.4
20.57    119.1
20.58    119.6
20.59    119.8
20.6     119.7
20.61    119.2
20.62    119.1
20.63    118.5
20.64    118.2
20.65    119.5
20.66    122.0
20.67    124.4
20.68    124.7
20.69    122.7
20.7     119.4
20.71    116.7
20.72    115.6
20.73    115.7
20.74    115.9
20.75    115.8
20.76    116.1
20.77    117.8
20.78    120.9
20.79    123.8
20.8     124.5
20.81    122.3
20.82    118.4
20.83    115.3
20.84    114.6
20.85    116.3
20.86    118.7
20.87    120.3
20.88    120.9
20.89    122.0
20.9     122.5
20.91    122.6
20.92    122.9
20.93    123.0
20.94    123.0
20.95    123.8
20.96    125.9
20.97    128.2
20.98    129.0
20.99    127.5
21.0     124.7
21.01    122.3
21.02    121.3
21.03    121.1
21.04    121.1
21.05    120.9
21.06    120.5
21.07    120.2
21.08    119.6
21.09    118.8
21.1     118.0
21.11    116.9
21.12    116.0
21.13    115.5
21.14    115.1
21.15    115.5
21.16    117.4
21.17    120.5
21.18    123.0
21.19    123.3
21.2     121.7
21.21    119.8
21.22    119.2
21.23    119.7
21.24    119.4
21.25    117.3
21.26    114.4
21.27    113.1
21.28    115.0
21.29    119.4
21.3     123.9
21.31    126.9
21.32    128.2
21.33    128.3
21.34    127.3
21.35    124.7
21.36    120.8
21.37    117.4
21.38    116.6
21.39    119.2
21.4     123.7
21.41    127.9
21.42    130.1
21.43    130.4
21.44    129.1
21.45    126.6
21.46    123.1
21.47    119.4
21.48    116.4
21.49    114.6
21.5     113.9
21.51    113.5
21.52    113.0
21.53    113.0
21.54    113.0
21.55    113.4
21.56    113.8
21.57    114.2
21.58    115.6
21.59    118.9
21.6     124.0
21.61    128.6
21.62    130.5
21.63    128.8
21.64    124.8
21.65    121.0
21.66    119.7
21.67    121.3
21.68    124.0
21.69    125.2
21.7     123.7
21.71    120.8
21.72    119.6
21.73    121.7
21.74    126.4
21.75    130.0
21.76    129.1
21.77    123.8
21.78    118.5
21.79    117.8
21.8     122.4
21.81    128.3
21.82    130.9
21.83    128.7
21.84    124.0
21.85    119.9
21.86    117.5
21.87    116.5
21.88    116.2
21.89    116.7
21.9     118.7
21.91    122.6
21.92    127.6
21.93    131.6
21.94    132.5
21.95    130.6
21.96    128.2
21.97    127.7
21.98    129.1
21.99    129.8
22.0     127.6
22.01    123.3
22.02    119.6
22.03    118.2
22.04    118.3
22.05    117.7
22.06    115.9
22.07    114.9
22.08    116.6
22.09    120.9
22.1     125.5
22.11    127.9
22.12    127.6
22.13    126.1
22.14    124.9
22.15    124.7
22.16    125.3
22.17    125.9
22.18    126.2
22.19    126.2
22.2     126.4
22.21    126.4
22.22    126.5
22.23    126.6
22.24    126.8
22.25    126.9
22.26    126.7
22.27    127.0
22.28    126.6
22.29    125.8
22.3     125.3
22.31    126.2
22.32    127.8
22.33    128.0
22.34    125.4
22.35    121.0
22.36    118.0
22.37    119.3
22.38    125.1
22.39    132.4
22.4     137.3
22.41    137.5
22.42    133.9
22.43    129.3
22.44    126.4
22.45    125.6
22.46    125.8
22.47    125.7
22.48    124.8
22.49    123.6
22.5     122.8
22.51    122.8
22.52    124.2
22.53    126.5
22.54    128.8
22.55    130.2
22.56    130.4
22.57    129.7
22.58    128.3
22.59    126.6
22.6     125.3
22.61    125.0
22.62    125.4
22.63    125.7
22.64    125.3
22.65    124.8
22.66    125.6
22.67    128.1
22.68    130.6
22.69    130.5
22.7     127.1
22.71    122.0
22.72    118.4
22.73    118.1
22.74    120.4
22.75    123.6
22.76    126.6
22.77    128.7
22.78    129.5
22.79    129.0
22.8     128.1
22.81    128.2
22.82    129.9
22.83    132.2
22.84    133.5
22.85    133.3
22.86    132.6
22.87    131.6
22.88    129.8
22.89    126.3
22.9     122.5
22.91    120.8
22.92    122.7
22.93    127.1
22.94    130.7
22.95    131.3
22.96    129.1
22.97    126.4
22.98    125.8
22.99    127.8
23.0     130.7
23.01    132.5
23.02    131.9
23.03    129.3
23.04    126.1
23.05    123.8
23.06    123.1
23.07    123.9
23.08    125.1
23.09    126.2
23.1     127.2
23.11    127.8
23.12    127.5
23.13    125.6
23.14    122.7
23.15    120.7
23.16    121.6
23.17    125.4
23.18    129.8
23.19    131.9
23.2     130.4
23.21    126.4
23.22    122.2
23.23    119.8
23.24    118.9
23.25    118.5
23.26    117.7
23.27    117.5
23.28    119.3
23.29    123.4
23.3     128.5
23.31    131.7
23.32    131.2
23.33    127.4
23.34    122.9
23.35    121.2
23.36    123.6
23.37    128.3
23.38    131.6
23.39    131.4
23.4     128.6
23.41    125.9
23.42    125.1
23.43    126.4
23.44    128.6
23.45    130.7
23.46    131.8
23.47    131.4
23.48    129.4
23.49    126.5
23.5     124.1
23.51    123.8
23.52    126.1
23.53    130.0
23.54    133.5
23.55    134.2
23.56    131.3
23.57    126.0
23.58    121.5
23.59    120.2
23.6     122.0
23.61    125.1
23.62    127.2
23.63    128.0
23.64    128.9
23.65    130.8
23.66    132.9
23.67    133.7
23.68    132.2
23.69    129.4
23.7     127.3
23.71    127.5
23.72    129.2
23.73    130.9
23.74    131.5
23.75    131.2
23.76    130.6
23.77    129.9
23.78    127.9
23.79    124.2
23.8     120.2
23.81    118.8
23.82    121.7
23.83    127.6
23.84    132.8
23.85    134.0
23.86    131.0
23.87    126.7
23.88    124.3
23.89    125.5
23.9     128.9
23.91    132.2
23.92    133.2
23.93    131.5
23.94    128.6
23.95    126.9
23.96    127.7
23.97    130.1
23.98    131.5
23.99    130.1
24.0     126.6
24.01    123.7
24.02    123.3
24.03    125.2
24.04    128.0
24.05    130.2
24.06    131.8
24.07    133.0
24.08    133.4
24.09    132.5
24.1     130.1
24.11    127.3
24.12    125.7
24.13    125.7
24.14    125.9
24.15    125.4
24.16    126.4
24.17    127.1
24.18    127.7
24.19    129.9
24.2     134.1
24.21    139.0
24.22    142.5
24.23    143.6
24.24    142.6
24.25    140.5
24.26    138.4
24.27    136.9
24.28    136.4
24.29    135.7
24.3     134.2
24.31    132.4
24.32    132.6
24.33    135.8
24.34    140.5
24.35    143.8
24.36    144.4
24.37    142.9
24.38    140.6
24.39    137.8
24.4     135.0
24.41    133.0
24.42    132.9
24.43    135.0
24.44    138.1
24.45    140.9
24.46    142.1
24.47    141.5
24.48    139.9
24.49    138.0
24.5     136.4
24.51    135.1
24.52    133.5
24.53    131.1
24.54    127.9
24.55    125.3
24.56    123.3
24.57    122.1
24.58    122.3
24.59    125.0
24.6     130.4
24.61    137.0
24.62    142.2
24.63    144.6
24.64    144.4
24.65    142.7
24.66    140.8
24.67    139.6
24.68    139.7
24.69    141.3
24.7     143.2
24.71    143.1
24.72    139.9
24.73    135.4
24.74    132.4
24.75    132.5
24.76    134.2
24.77    135.7
24.78    136.7
24.79    137.9
24.8     139.4
24.81    141.1
24.82    142.5
24.83    144.1
24.84    145.3
24.85    144.7
24.86    141.0
24.87    135.5
24.88    131.1
24.89    130.5
24.9     134.2
24.91    139.8
24.92    144.2
24.93    145.2
24.94    142.9
24.95    139.0
24.96    135.9
24.97    134.6
24.98    134.7
24.99    135.1
25.0     135.1
25.01    134.7
25.02    134.6
25.03    134.2
25.04    133.7
25.05    133.3
25.06    132.7
25.07    132.2
25.08    131.8
25.09    131.5
25.1     131.5
25.11    132.1
25.12    133.2
25.13    135.2
25.14    138.8
25.15    143.3
25.16    147.6
25.17    149.9
25.18    149.4
25.19    145.9
25.2     140.0
25.21    133.3
25.22    127.8
25.23    125.4
25.24    126.9
25.25    131.3
25.26    136.7
25.27    140.9
25.28    142.2
25.29    140.6
25.3     138.3
25.31    137.8
25.32    139.5
25.33    140.7
25.34    138.7
25.35    133.2
25.36    127.6
25.37    125.7
25.38    128.6
25.39    134.1
25.4     139.1
25.41    141.9
25.42    143.1
25.43    144.2
25.44    145.0
25.45    144.4
25.46    141.3
25.47    136.3
25.48    132.0
25.49    130.4
25.5     131.4
25.51    132.6
25.52    133.3
25.53    134.8
25.54    136.2
25.55    137.3
25.56    137.9
25.57    137.9
25.58    139.2
25.59    138.8
25.6     137.9
25.61    140.1
25.62    146.5
25.63    153.9
25.64    157.3
25.65    154.2
25.66    146.2
25.67    137.9
25.68    133.8
25.69    134.9
25.7     138.6
25.71    141.7
25.72    142.0
25.73    140.0
25.74    137.2
25.75    135.2
25.76    134.8
25.77    135.8
25.78    137.1
25.79    138.1
25.8     138.7
25.81    139.8
25.82    139.9
25.83    139.3
25.84    139.1
25.85    140.5
25.86    143.2
25.87    145.2
25.88    144.5
25.89    140.9
25.9     136.7
25.91    134.6
25.92    135.6
25.93    138.4
25.94    140.6
25.95    140.2
25.96    137.4
25.97    133.8
25.98    131.4
25.99    130.8
26.0     131.8
26.01    133.6
26.02    136.1
26.03    139.8
26.04    144.0
26.05    146.8
26.06    145.9
26.07    140.9
26.08    134.8
26.09    131.8
26.1     134.3
26.11    140.6
26.12    146.8
26.13    149.8
26.14    149.7
26.15    148.4
26.16    147.3
26.17    146.4
26.18    145.1
26.19    143.3
26.2     141.1
26.21    138.3
26.22    135.3
26.23    133.8
26.24    135.2
26.25    139.6
26.26    144.5
26.27    146.8
26.28    144.9
26.29    139.8
26.3     134.1
26.31    130.5
26.32    131.0
26.33    135.2
26.34    140.8
26.35    144.7
26.36    145.0
26.37    142.4
26.38    139.3
26.39    137.5
26.4     137.4
26.41    138.4
26.42    139.7
26.43    140.2
26.44    139.6
26.45    138.8
26.46    139.8
26.47    143.6
26.48    148.4
26.49    151.5
26.5     150.7
26.51    146.3
26.52    140.2
26.53    134.0
26.54    129.0
26.55    126.4
26.56    126.5
26.57    128.4
26.58    131.0
26.59    135.0
26.6     136.5
26.61    135.9
26.62    135.6
26.63    136.6
26.64    137.3
26.65    136.3
26.66    133.4
26.67    130.0
26.68    127.8
26.69    127.4
26.7     128.4
26.71    130.5
26.72    133.0
26.73    135.0
26.74    136.0
26.75    136.7
26.76    139.0
26.77    143.8
26.78    149.2
26.79    151.4
26.8     148.0
26.81    139.7
26.82    130.9
26.83    125.4
26.84    124.8
26.85    127.1
26.86    129.8
26.87    131.8
26.88    133.5
26.89    135.1
26.9     135.6
26.91    134.0
26.92    130.9
26.93    128.2
26.94    127.4
26.95    127.9
26.96    128.4
26.97    128.4
26.98    129.1
26.99    129.6
27.0     130.0
27.01    130.4
27.02    131.1
27.03    131.9
27.04    133.0
27.05    134.5
27.06    136.6
27.07    139.3
27.08    141.7
27.09    142.8
27.1     142.4
27.11    140.7
27.12    139.1
27.13    139.2
27.14    141.4
27.15    144.1
27.16    144.5
27.17    141.1
27.18    135.7
27.19    132.1
27.2     132.5
27.21    135.4
27.22    137.8
27.23    137.8
27.24    136.6
27.25    136.2
27.26    137.3
27.27    139.1
27.28    140.2
27.29    139.8
27.3     137.4
27.31    133.0
27.32    127.7
27.33    123.8
27.34    123.5
27.35    126.8
27.36    131.1
27.37    132.7
27.38    129.5
27.39    123.0
27.4     117.9
27.41    118.2
27.42    123.8
27.43    130.8
27.44    134.1
27.45    131.9
27.46    127.1
27.47    124.5
27.48    127.0
27.49    133.2
27.5     139.3
27.51    141.3
27.52    138.6
27.53    133.3
27.54    128.8
27.55    127.4
27.56    129.0
27.57    132.2
27.58    135.7
27.59    139.1
27.6     141.9
27.61    143.3
27.62    142.9
27.63    141.3
27.64    139.6
27.65    137.9
27.66    135.8
27.67    133.1
27.68    130.5
27.69    129.2
27.7     129.4
27.71    130.1
27.72    131.3
27.73    133.2
27.74    135.9
27.75    139.2
27.76    142.4
27.77    144.3
27.78    143.9
27.79    140.8
27.8     135.7
27.81    130.3
27.82    126.5
27.83    125.1
27.84    126.2
27.85    128.6
27.86    130.9
27.87    131.5
27.88    130.0
27.89    127.3
27.9     125.5
27.91    126.5
27.92    130.8
27.93    136.6
27.94    141.3
27.95    143.3
27.96    142.4
27.97    139.7
27.98    136.5
27.99    133.7
28.0     132.2
28.01    132.8
28.02    135.1
28.03    137.5
28.04    137.3
28.05    133.7
28.06    128.3
28.07    124.3
28.08    123.8
28.09    127.1
28.1     132.3
28.11    136.6
28.12    138.0
28.13    136.6
28.14    134.5
28.15    133.6
28.16    134.2
28.17    134.9
28.18    134.4
28.19    133.9
28.2     134.7
28.21    136.6
28.22    137.4
28.23    135.7
28.24    132.3
28.25    129.8
28.26    129.7
28.27    131.2
28.28    132.5
28.29    132.8
28.3     133.7
28.31    134.1
28.32    134.1
28.33    133.9
28.34    133.6
28.35    133.1
28.36    132.4
28.37    131.7
28.38    130.9
28.39    129.9
28.4     129.0
28.41    128.9
28.42    128.5
28.43    129.6
28.44    132.7
28.45    136.1
28.46    137.7
28.47    137.6
28.48    137.5
28.49    137.9
28.5     137.6
28.51    136.1
28.52    134.8
28.53    135.2
28.54    137.0
28.55    138.0
28.56    140.3
28.57    141.6
28.58    141.9
28.59    142.6
28.6     144.5
28.61    146.5
28.62    147.0
28.63    145.7
28.64    143.1
28.65    140.0
28.66    137.2
28.67    135.4
28.68    135.6
28.69    137.7
28.7     140.2
28.71    141.4
28.72    140.1
28.73    136.4
28.74    131.5
28.75    127.3
28.76    125.7
28.77    128.1
28.78    133.8
28.79    140.4
28.8     145.2
28.81    146.7
28.82    145.3
28.83    142.7
28.84    140.9
28.85    141.3
28.86    142.9
28.87    143.4
28.88    140.2
28.89    133.9
28.9     127.6
28.91    124.9
28.92    126.9
28.93    131.3
28.94    135.4
28.95    138.0
28.96    140.2
28.97    142.5
28.98    143.9
28.99    142.5
29.0     137.7
29.01    131.3
29.02    126.3
29.03    124.7
29.04    126.5
29.05    129.9
29.06    132.4
29.07    132.5
29.08    130.7
29.09    129.1
29.1     129.3
29.11    130.5
29.12    130.1
29.13    127.1
29.14    122.7
29.15    119.8
29.16    119.8
29.17    121.7
29.18    124.5
29.19    128.5
29.2     134.6
29.21    142.5
29.22    149.6
29.23    153.5
29.24    152.9
29.25    147.8
29.26    139.9
29.27    131.6
29.28    126.0
29.29    125.1
29.3     128.7
29.31    134.1
29.32    138.5
29.33    140.2
29.34    139.1
29.35    136.6
29.36    134.2
29.37    132.5
29.38    131.5
29.39    130.8
29.4     130.7
29.41    131.2
29.42    131.9
29.43    132.7
29.44    134.1
29.45    135.3
29.46    136.3
29.47    137.8
29.48    140.2
29.49    142.9
29.5     144.1
29.51    142.6
29.52    139.4
29.53    136.5
29.54    135.6
29.55    136.6
29.56    138.3
29.57    140.2
29.58    142.3
29.59    144.5
29.6     145.2
29.61    142.8
29.62    137.4
29.63    132.0
29.64    130.1
29.65    133.2
29.66    139.4
29.67    144.8
29.68    145.7
29.69    141.8
29.7     136.2
29.71    132.9
29.72    133.5
29.73    136.1
29.74    137.1
29.75    134.8
29.76    132.2
29.77    130.9
29.78    129.6
29.79    130.1
29.8     130.8
29.81    130.5
29.82    130.9
29.83    133.0
29.84    135.7
29.85    136.4
29.86    134.1
29.87    130.5
29.88    128.4
29.89    129.8
29.9     134.1
29.91    139.7
29.92    144.9
29.93    148.6
29.94    149.9
29.95    148.7
29.96    145.8
29.97    143.5
29.98    143.7
29.99    145.7
30.0     146.3
30.01    143.2
30.02    137.8
30.03    134.5
30.04    136.2
30.05    140.7
30.06    143.7
30.07    142.6
30.08    139.4
30.09    138.1
30.1     140.9
30.11    146.1
30.12    149.4
30.13    148.1
30.14    142.9
30.15    137.3
30.16    135.0
30.17    136.9
30.18    141.1
30.19    144.8
30.2     146.2
30.21    145.3
30.22    143.5
30.23    142.0
30.24    141.3
30.25    141.1
30.26    140.9
30.27    140.5
30.28    140.2
30.29    139.7
30.3     139.8
30.31    141.9
30.32    147.2
30.33    154.7
30.34    161.1
30.35    163.8
30.36    162.6
30.37    159.3
30.38    156.0
30.39    153.3
30.4     151.1
30.41    149.3
30.42    147.0
30.43    143.7
30.44    139.5
30.45    136.1
30.46    133.6
30.47    132.0
30.48    132.4
30.49    136.4
30.5     143.4
30.51    150.0
30.52    153.0
30.53    151.4
30.54    147.1
30.55    143.1
30.56    140.9
30.57    140.1
30.58    139.3
30.59    137.8
30.6     136.8
30.61    137.0
30.62    136.8
30.63    136.9
30.64    137.3
30.65    137.8
30.66    138.1
30.67    138.8
30.68    139.7
30.69    140.5
30.7     141.1
30.71    142.8
30.72    143.3
30.73    143.3
30.74    144.8
30.75    147.8
30.76    150.2
30.77    151.0
30.78    150.1
30.79    147.5
30.8     143.6
30.81    139.1
30.82    135.8
30.83    134.9
30.84    136.4
30.85    138.2
30.86    137.9
30.87    135.3
30.88    133.1
30.89    134.2
30.9     138.1
30.91    141.0
30.92    139.4
30.93    133.6
30.94    127.2
30.95    124.4
30.96    126.4
30.97    131.9
30.98    138.1
30.99    142.7
31.0     145.0
31.01    146.0
31.02    146.7
31.03    147.2
31.04    145.7
31.05    141.6
31.06    136.2
31.07    132.1
31.08    130.4
31.09    129.8
31.1     128.8
31.11    127.7
31.12    127.9
31.13    130.2
31.14    133.5
31.15    136.5
31.16    138.1
31.17    138.1
31.18    137.5
31.19    137.5
31.2     138.9
31.21    140.9
31.22    141.9
31.23    141.4
31.24    140.2
31.25    140.0
31.26    140.6
31.27    140.4
31.28    138.0
31.29    133.3
31.3     128.2
31.31    125.7
31.32    127.6
31.33    133.2
31.34    140.0
31.35    145.3
31.36    148.0
31.37    148.1
31.38    145.5
31.39    140.7
31.4     135.3
31.41    132.9
31.42    135.7
31.43    143.0
31.44    150.7
31.45    154.7
31.46    153.8
31.47    149.7
31.48    145.1
31.49    141.9
31.5     140.3
31.51    140.3
31.52    141.0
31.53    142.0
31.54    142.6
31.55    143.5
31.56    144.2
31.57    144.7
31.58    145.2
31.59    145.6
31.6     145.9
31.61    146.4
31.62    147.0
31.63    147.6
31.64    148.0
31.65    149.0
31.66    149.4
31.67    149.4
31.68    150.0
31.69    152.3
31.7     155.7
31.71    158.4
31.72    158.9
31.73    156.3
31.74    151.2
31.75    145.2
31.76    140.6
31.77    139.3
31.78    141.3
31.79    145.2
31.8     149.3
31.81    152.2
31.82    153.5
31.83    153.2
31.84    151.7
31.85    149.8
31.86    148.3
31.87    147.5
31.88    147.0
31.89    146.5
31.9     146.0
31.91    145.6
31.92    145.2
31.93    144.8
31.94    144.4
31.95    144.2
31.96    144.2
31.97    144.7
31.98    145.3
31.99    146.7
32.0     148.9
32.01    151.6
32.02    154.2
32.03    156.0
32.04    156.8
32.05    156.7
32.06    156.3
32.07    156.6
32.08    158.0
32.09    159.5
32.1     159.5
32.11    157.3
32.12    153.2
32.13    149.0
32.14    145.9
32.15    144.9
32.16    146.4
32.17    150.5
32.18    155.7
32.19    159.7
32.2     159.4
32.21    153.9
32.22    145.1
32.23    136.8
32.24    132.3
32.25    133.2
32.26    138.4
32.27    145.8
32.28    152.3
32.29    155.0
32.3     152.7
32.31    147.0
32.32    141.3
32.33    138.6
32.34    139.8
32.35    144.2
32.36    149.8
32.37    154.3
32.38    155.7
32.39    153.4
32.4     149.1
32.41    145.0
32.42    142.5
32.43    141.0
32.44    139.7
32.45    138.8
32.46    139.8
32.47    144.0
32.48    150.7
32.49    156.7
32.5     158.6
32.51    155.6
32.52    150.0
32.53    145.0
32.54    142.2
32.55    141.2
32.56    141.2
32.57    141.5
32.58    142.2
32.59    143.0
32.6     143.9
32.61    144.8
32.62    145.5
32.63    146.2
32.64    146.7
32.65    147.1
32.66    147.5
32.67    148.0
32.68    148.6
32.69    149.2
32.7     150.0
32.71    150.9
32.72    151.6
32.73    151.7
32.74    151.3
32.75    150.1
32.76    148.2
32.77    145.8
32.78    143.1
32.79    140.5
32.8     138.8
32.81    139.3
32.82    142.8
32.83    148.4
32.84    153.6
32.85    155.8
32.86    154.1
32.87    150.1
32.88    146.3
32.89    144.7
32.9     145.7
32.91    148.3
32.92    151.2
32.93    153.1
32.94    152.6
32.95    150.3
32.96    148.2
32.97    148.3
32.98    149.9
32.99    151.0
33.0     151.1
33.01    150.8
33.02    150.7
33.03    150.2
33.04    149.7
33.05    149.4
33.06    149.1
33.07    148.9
33.08    148.7
33.09    149.1
33.1     149.4
33.11    149.8
33.12    151.4
33.13    154.5
33.14    158.3
33.15    161.1
33.16    161.6
33.17    159.8
33.18    157.8
33.19    157.5
33.2     159.9
33.21    163.5
33.22    166.1
33.23    165.9
33.24    163.6
33.25    161.5
33.26    161.9
33.27    164.8
33.28    168.3
33.29    169.9
33.3     169.1
33.31    167.5
33.32    167.7
33.33    170.9
33.34    175.6
33.35    178.1
33.36    176.0
33.37    169.8
33.38    163.7
33.39    162.6
33.4     167.9
33.41    175.9
33.42    180.8
33.43    179.4
33.44    173.4
33.45    167.8
33.46    166.5
33.47    169.3
33.48    173.1
33.49    174.9
33.5     173.8
33.51    171.4
33.52    170.2
33.53    171.6
33.54    174.9
33.55    178.3
33.56    180.2
33.57    180.4
33.58    179.5
33.59    178.2
33.6     177.0
33.61    176.6
33.62    177.7
33.63    180.6
33.64    183.7
33.65    184.3
33.66    180.2
33.67    171.9
33.68    163.4
33.69    159.3
33.7     161.3
33.71    167.3
33.72    173.4
33.73    176.9
33.74    176.8
33.75    173.1
33.76    167.5
33.77    162.8
33.78    161.3
33.79    163.4
33.8     166.6
33.81    168.1
33.82    166.2
33.83    161.9
33.84    158.0
33.85    157.5
33.86    161.0
33.87    165.8
33.88    168.1
33.89    166.0
33.9     161.4
33.91    157.8
33.92    157.3
33.93    158.9
33.94    160.5
33.95    161.0
33.96    160.5
33.97    160.1
33.98    158.9
33.99    157.3
34.0     155.6
34.01    153.7
34.02    151.9
34.03    151.1
34.04    150.5
34.05    151.1
34.06    154.5
34.07    160.3
34.08    165.8
34.09    168.4
34.1     167.9
34.11    165.8
34.12    163.3
34.13    160.3
34.14    156.7
34.15    153.9
34.16    153.7
34.17    156.8
34.18    161.5
34.19    165.3
34.2     166.7
34.21    165.9
34.22    163.6
34.23    160.5
34.24    157.0
34.25    153.8
34.26    151.7
34.27    151.2
34.28    151.6
34.29    151.2
34.3     149.3
34.31    147.4
34.32    148.5
34.33    153.1
34.34    158.6
34.35    161.0
34.36    158.8
34.37    154.7
34.38    152.5
34.39    154.2
34.4     158.2
34.41    161.8
34.42    163.5
34.43    163.2
34.44    161.2
34.45    157.8
34.46    154.0
34.47    151.5
34.48    151.8
34.49    153.9
34.5     154.9
34.51    153.1
34.52    150.4
34.53    150.1
34.54    153.5
34.55    158.7
34.56    163.2
34.57    165.8
34.58    166.9
34.59    167.0
34.6     165.8
34.61    162.8
34.62    158.8
34.63    154.9
34.64    153.0
34.65    154.8
34.66    160.7
34.67    168.3
34.68    173.8
34.69    174.8
34.7     172.0
34.71    167.8
34.72    164.3
34.73    161.4
34.74    158.5
34.75    155.9
34.76    154.4
34.77    154.9
34.78    157.5
34.79    162.3
34.8     168.2
34.81    172.9
34.82    174.2
34.83    172.4
34.84    169.8
34.85    168.8
34.86    169.2
34.87    168.9
34.88    167.3
34.89    165.6
34.9     164.9
34.91    164.1
34.92    163.9
34.93    163.8
34.94    164.8
34.95    166.0
34.96    166.8
34.97    167.3
34.98    167.9
34.99    168.2
35.0     166.6
35.01    162.8
35.02    158.4
35.03    156.1
35.04    157.5
35.05    161.3
35.06    165.2
35.07    167.1
35.08    167.2
35.09    166.7
35.1     166.8
35.11    167.1
35.12    166.2
35.13    162.4
35.14    156.2
35.15    150.9
35.16    149.9
35.17    154.0
35.18    160.3
35.19    165.3
35.2     167.8
35.21    168.8
35.22    168.8
35.23    167.1
35.24    163.1
35.25    157.7
35.26    152.8
35.27    149.5
35.28    148.1
35.29    148.9
35.3     152.9
35.31    159.4
35.32    165.3
35.33    167.3
35.34    165.5
35.35    163.9
35.36    166.2
35.37    172.0
35.38    176.6
35.39    176.8
35.4     173.3
35.41    170.0
35.42    168.8
35.43    168.7
35.44    167.2
35.45    164.1
35.46    161.2
35.47    158.9
35.48    156.2
35.49    154.1
35.5     153.3
35.51    152.8
35.52    153.2
35.53    156.0
35.54    160.9
35.55    165.8
35.56    167.8
35.57    166.4
35.58    162.7
35.59    158.6
35.6     155.5
35.61    153.8
35.62    153.5
35.63    153.6
35.64    153.5
35.65    153.1
35.66    153.2
35.67    153.9
35.68    154.9
35.69    156.7
35.7     159.3
35.71    162.7
35.72    165.4
35.73    165.1
35.74    161.4
35.75    156.0
35.76    152.0
35.77    151.7
35.78    154.9
35.79    159.4
35.8     162.8
35.81    164.4
35.82    165.4
35.83    167.4
35.84    170.2
35.85    172.1
35.86    171.4
35.87    167.9
35.88    163.5
35.89    160.1
35.9     159.2
35.91    160.3
35.92    162.4
35.93    164.6
35.94    166.4
35.95    167.8
35.96    168.9
35.97    169.1
35.98    168.2
35.99    166.3
36.0     164.0
36.01    161.5
36.02    159.7
36.03    159.9
36.04    163.4
36.05    169.6
36.06    175.6
36.07    177.9
36.08    175.8
36.09    170.8
36.1     165.9
36.11    162.7
36.12    161.3
36.13    161.3
36.14    161.8
36.15    162.4
36.16    163.2
36.17    165.1
36.18    168.7
36.19    173.4
36.2     177.3
36.21    179.2
36.22    179.0
36.23    177.6
36.24    175.6
36.25    173.2
36.26    170.4
36.27    167.3
36.28    163.4
36.29    158.4
36.3     153.5
36.31    151.4
36.32    154.4
36.33    162.6
36.34    172.9
36.35    181.1
36.36    183.9
36.37    180.8
36.38    173.8
36.39    166.4
36.4     161.7
36.41    160.7
36.42    162.2
36.43    164.2
36.44    165.4
36.45    166.2
36.46    166.6
36.47    166.0
36.48    163.1
36.49    158.1
36.5     153.0
36.51    150.9
36.52    153.2
36.53    158.9
36.54    164.8
36.55    167.6
36.56    165.9
36.57    161.0
36.58    155.9
36.59    153.8
36.6     155.5
36.61    160.1
36.62    165.0
36.63    168.2
36.64    168.6
36.65    166.0
36.66    161.0
36.67    154.8
36.68    149.2
36.69    146.8
36.7     148.6
36.71    153.4
36.72    158.7
36.73    163.0
36.74    166.5
36.75    169.9
36.76    172.0
36.77    170.2
36.78    163.5
36.79    154.8
36.8     148.7
36.81    147.7
36.82    151.0
36.83    155.5
36.84    158.9
36.85    160.5
36.86    160.1
36.87    158.3
36.88    156.2
36.89    155.7
36.9     158.0
36.91    162.0
36.92    164.9
36.93    164.1
36.94    159.3
36.95    152.9
36.96    148.2
36.97    147.5
36.98    150.4
36.99    154.8
37.0     157.7
37.01    157.6
37.02    155.2
37.03    153.2
37.04    153.8
37.05    157.4
37.06    162.1
37.07    165.6
37.08    165.8
37.09    161.5
37.1     153.7
37.11    145.9
37.12    142.1
37.13    144.0
37.14    149.3
37.15    154.1
37.16    156.2
37.17    155.9
37.18    154.5
37.19    152.5
37.2     150.0
37.21    147.5
37.22    146.2
37.23    146.9
37.24    149.2
37.25    152.1
37.26    154.6
37.27    156.3
37.28    157.2
37.29    157.2
37.3     156.3
37.31    154.6
37.32    152.8
37.33    152.2
37.34    153.9
37.35    157.2
37.36    160.0
37.37    160.2
37.38    157.7
37.39    154.3
37.4     151.6
37.41    150.2
37.42    149.5
37.43    149.5
37.44    150.9
37.45    154.3
37.46    158.5
37.47    161.8
37.48    162.9
37.49    161.8
37.5     158.8
37.51    154.7
37.52    151.2
37.53    150.3
37.54    153.0
37.55    157.8
37.56    162.1
37.57    164.5
37.58    165.4
37.59    166.1
37.6     166.5
37.61    165.4
37.62    162.3
37.63    158.3
37.64    155.3
37.65    154.3
37.66    154.5
37.67    154.6
37.68    153.8
37.69    153.4
37.7     152.5
37.71    151.0
37.72    149.2
37.73    147.2
37.74    145.1
37.75    143.1
37.76    141.4
37.77    140.2
37.78    140.0
37.79    140.6
37.8     142.9
37.81    147.5
37.82    153.5
37.83    159.1
37.84    162.4
37.85    162.3
37.86    158.9
37.87    153.6
37.88    148.3
37.89    144.9
37.9     143.6
37.91    143.5
37.92    143.4
37.93    143.5
37.94    144.4
37.95    146.9
37.96    150.5
37.97    153.9
37.98    156.2
37.99    157.0
38.0     156.6
38.01    155.6
38.02    154.4
38.03    153.0
38.04    151.5
38.05    150.1
38.06    149.9
38.07    151.7
38.08    155.6
38.09    160.2
38.1     163.0
38.11    163.0
38.12    161.1
38.13    159.3
38.14    158.2
38.15    157.3
38.16    156.2
38.17    155.4
38.18    154.7
38.19    154.1
38.2     153.0
38.21    152.4
38.22    153.3
38.23    155.9
38.24    159.0
38.25    160.3
38.26    159.1
38.27    156.3
38.28    153.5
38.29    152.4
38.3     153.1
38.31    154.9
38.32    156.6
38.33    156.9
38.34    155.7
38.35    153.6
38.36    152.0
38.37    151.7
38.38    153.2
38.39    155.7
38.4     158.3
38.41    159.9
38.42    159.6
38.43    157.9
38.44    156.2
38.45    155.6
38.46    156.2
38.47    156.9
38.48    156.9
38.49    156.5
38.5     157.7
38.51    161.6
38.52    166.6
38.53    169.2
38.54    166.6
38.55    159.7
38.56    152.7
38.57    149.0
38.58    149.4
38.59    151.9
38.6     154.2
38.61    155.3
38.62    155.4
38.63    154.6
38.64    153.1
38.65    151.0
38.66    149.6
38.67    150.5
38.68    153.9
38.69    157.9
38.7     160.3
38.71    160.1
38.72    158.5
38.73    157.0
38.74    155.3
38.75    152.8
38.76    149.8
38.77    147.6
38.78    147.2
38.79    148.3
38.8     149.9
38.81    151.5
38.82    153.0
38.83    154.2
38.84    153.8
38.85    151.6
38.86    148.6
38.87    147.0
38.88    148.3
38.89    152.0
38.9     156.0
38.91    158.5
38.92    159.3
38.93    160.0
38.94    162.0
38.95    165.2
38.96    167.6
38.97    167.6
38.98    165.0
38.99    161.4
39.0     158.9
39.01    158.9
39.02    161.2
39.03    164.2
39.04    165.6
39.05    164.8
39.06    162.7
39.07    161.5
39.08    162.1
39.09    163.6
39.1     164.6
39.11    164.8
39.12    164.9
39.13    166.0
39.14    168.3
39.15    170.6
39.16    171.2
39.17    169.6
39.18    167.2
39.19    166.6
39.2     168.8
39.21    172.0
39.22    173.2
39.23    171.3
39.24    168.1
39.25    166.9
39.26    169.2
39.27    173.7
39.28    177.4
39.29    178.0
39.3     175.3
39.31    170.9
39.32    167.8
39.33    167.8
39.34    170.7
39.35    174.0
39.36    174.5
39.37    170.7
39.38    163.8
39.39    157.1
39.4     154.4
39.41    157.1
39.42    163.8
39.43    170.7
39.44    174.3
39.45    173.8
39.46    170.8
39.47    167.9
39.48    166.8
39.49    167.5
39.5     168.9
39.51    169.8
39.52    169.4
39.53    167.6
39.54    164.4
39.55    160.1
39.56    155.4
39.57    151.4
39.58    148.9
39.59    148.6
39.6     150.9
39.61    155.7
39.62    161.6
39.63    166.0
39.64    166.2
39.65    161.6
39.66    154.9
39.67    150.0
39.68    149.4
39.69    152.1
39.7     155.5
39.71    157.2
39.72    157.1
39.73    155.9
39.74    154.8
39.75    154.2
39.76    154.6
39.77    156.0
39.78    157.8
39.79    158.5
39.8     157.3
39.81    154.5
39.82    151.6
39.83    150.3
39.84    151.2
39.85    154.0
39.86    157.3
39.87    159.8
39.88    159.7
39.89    156.4
39.9     151.3
39.91    146.8
39.92    145.3
39.93    146.8
39.94    149.8
39.95    152.9
39.96    155.5
39.97    157.3
39.98    157.8
39.99    156.7
40.0     155.5
40.01    156.4
40.02    160.1
40.03    164.5
40.04    166.2
40.05    163.6
40.06    158.4
40.07    153.9
40.08    152.5
40.09    153.8
40.1     155.7
40.11    156.4
40.12    155.8
40.13    155.8
40.14    155.1
40.15    154.2
40.16    153.3
40.17    152.7
40.18    152.3
40.19    152.2
40.2     152.6
40.21    153.5
40.22    154.7
40.23    156.1
40.24    157.9
40.25    159.5
40.26    160.6
40.27    161.9
40.28    164.2
40.29    167.0
40.3     167.2
40.31    162.7
40.32    154.9
40.33    148.8
40.34    148.4
40.35    153.1
40.36    158.3
40.37    159.5
40.38    155.9
40.39    150.0
40.4     145.8
40.41    145.2
40.42    147.6
40.43    150.8
40.44    152.5
40.45    152.2
40.46    150.1
40.47    147.4
40.48    145.2
40.49    145.0
40.5     147.7
40.51    152.1
40.52    155.6
40.53    156.3
40.54    154.2
40.55    151.0
40.56    148.3
40.57    146.5
40.58    145.6
40.59    145.1
40.6     145.1
40.61    145.3
40.62    145.6
40.63    145.9
40.64    145.9
40.65    145.8
40.66    145.4
40.67    144.8
40.68    144.0
40.69    144.1
40.7     144.0
40.71    144.5
40.72    147.3
40.73    153.2
40.74    160.3
40.75    165.3
40.76    165.5
40.77    161.3
40.78    155.2
40.79    149.5
40.8     145.1
40.81    142.9
40.82    143.6
40.83    147.1
40.84    151.5
40.85    154.0
40.86    154.3
40.87    154.0
40.88    154.6
40.89    155.5
40.9     155.3
40.91    154.0
40.92    152.9
40.93    152.5
40.94    151.5
40.95    150.5
40.96    149.7
40.97    148.8
40.98    147.7
40.99    146.8
41.0     146.0
41.01    145.3
41.02    144.8
41.03    145.0
41.04    145.4
41.05    146.2
41.06    148.2
41.07    151.3
41.08    153.9
41.09    154.1
41.1     152.0
41.11    149.7
41.12    149.4
41.13    152.0
41.14    155.8
41.15    158.1
41.16    157.1
41.17    152.5
41.18    146.7
41.19    142.4
41.2     141.4
41.21    143.0
41.22    144.7
41.23    144.9
41.24    143.8
41.25    143.3
41.26    145.0
41.27    149.3
41.28    154.8
41.29    159.1
41.3     160.8
41.31    160.2
41.32    159.2
41.33    159.8
41.34    162.3
41.35    165.4
41.36    167.5
41.37    167.5
41.38    165.0
41.39    160.4
41.4     155.2
41.41    152.1
41.42    153.1
41.43    157.3
41.44    161.2
41.45    161.8
41.46    159.1
41.47    155.4
41.48    153.7
41.49    154.3
41.5     156.2
41.51    157.8
41.52    158.4
41.53    158.4
41.54    158.2
41.55    157.6
41.56    156.6
41.57    155.5
41.58    154.9
41.59    154.2
41.6     154.0
41.61    155.4
41.62    158.4
41.63    161.6
41.64    162.9
41.65    161.0
41.66    156.7
41.67    153.0
41.68    152.3
41.69    155.2
41.7     159.6
41.71    162.7
41.72    163.6
41.73    163.2
41.74    163.4
41.75    164.4
41.76    164.2
41.77    161.0
41.78    154.7
41.79    148.3
41.8     145.4
41.81    148.0
41.82    154.1
41.83    159.3
41.84    159.3
41.85    154.0
41.86    147.3
41.87    144.6
41.88    148.2
41.89    155.5
41.9     161.9
41.91    164.6
41.92    164.0
41.93    162.2
41.94    160.1
41.95    158.2
41.96    156.5
41.97    155.4
41.98    154.3
41.99    152.2
42.0     149.0
42.01    146.8
42.02    145.3
42.03    145.0
42.04    146.6
42.05    150.4
42.06    155.0
42.07    158.3
42.08    158.5
42.09    156.1
42.1     153.2
42.11    151.9
42.12    152.7
42.13    154.5
42.14    154.8
42.15    152.0
42.16    147.1
42.17    143.2
42.18    143.1
42.19    146.3
42.2     150.3
42.21    153.2
42.22    154.7
42.23    155.5
42.24    156.0
42.25    156.0
42.26    155.6
42.27    155.2
42.28    154.7
42.29    154.5
42.3     154.5
42.31    154.7
42.32    155.0
42.33    155.5
42.34    156.1
42.35    156.8
42.36    157.5
42.37    158.1
42.38    158.6
42.39    159.0
42.4     159.2
42.41    159.0
42.42    158.3
42.43    158.0
42.44    156.9
42.45    155.3
42.46    154.3
42.47    155.4
42.48    158.5
42.49    160.9
42.5     159.9
42.51    155.6
42.52    151.2
42.53    150.4
42.54    154.3
42.55    160.8
42.56    166.2
42.57    167.5
42.58    164.0
42.59    157.9
42.6     152.6
42.61    150.5
42.62    151.1
42.63    152.5
42.64    152.5
42.65    151.1
42.66    149.9
42.67    150.9
42.68    154.4
42.69    158.2
42.7     159.5
42.71    157.7
42.72    155.4
42.73    154.6
42.74    154.7
42.75    152.9
42.76    148.3
42.77    143.3
42.78    141.8
42.79    145.0
42.8     150.0
42.81    152.5
42.82    151.3
42.83    148.5
42.84    147.5
42.85    148.8
42.86    150.3
42.87    149.5
42.88    146.2
42.89    142.7
42.9     141.6
42.91    143.8
42.92    147.8
42.93    151.5
42.94    153.3
42.95    153.3
42.96    152.7
42.97    153.1
42.98    155.3
42.99    157.9
43.0     158.2
43.01    154.6
43.02    148.4
43.03    143.0
43.04    141.4
43.05    143.1
43.06    145.2
43.07    145.6
43.08    144.7
43.09    144.9
43.1     147.5
43.11    150.6
43.12    151.3
43.13    148.8
43.14    144.6
43.15    141.2
43.16    140.3
43.17    143.0
43.18    149.6
43.19    158.8
43.2     166.9
43.21    169.7
43.22    165.3
43.23    156.6
43.24    148.3
43.25    144.1
43.26    143.7
43.27    144.4
43.28    144.4
43.29    145.0
43.3     147.3
43.31    148.7
43.32    149.6
43.33    152.2
43.34    152.4
43.35    150.8
43.36    151.0
43.37    154.1
43.38    157.3
43.39    157.2
43.4     153.2
43.41    148.2
43.42    145.8
43.43    147.2
43.44    150.5
43.45    153.2
43.46    153.7
43.47    152.4
43.48    150.2
43.49    148.2
43.5     146.8
43.51    146.3
43.52    146.8
43.53    148.7
43.54    151.6
43.55    154.3
43.56    154.8
43.57    152.1
43.58    148.0
43.59    145.8
43.6     147.3
43.61    150.9
43.62    153.6
43.63    152.4
43.64    153.0
43.65    152.3
43.66    152.5
43.67    153.4
43.68    155.2
43.69    158.9
43.7     164.4
43.71    169.4
43.72    170.5
43.73    166.1
43.74    158.3
43.75    151.0
43.76    146.6
43.77    144.9
43.78    144.8
43.79    146.2
43.8     149.6
43.81    154.7
43.82    159.9
43.83    163.8
43.84    165.4
43.85    165.0
43.86    162.8
43.87    159.3
43.88    154.7
43.89    150.3
43.9     147.5
43.91    147.3
43.92    149.0
43.93    150.8
43.94    151.2
43.95    150.2
43.96    148.2
43.97    145.3
43.98    141.5
43.99    138.1
44.0     138.1
44.01    142.9
44.02    150.6
44.03    156.7
44.04    157.5
44.05    153.8
44.06    149.9
44.07    149.6
44.08    152.6
44.09    155.8
44.1     156.4
44.11    154.3
44.12    151.0
44.13    147.8
44.14    145.1
44.15    143.1
44.16    142.6
44.17    144.5
44.18    148.7
44.19    154.0
44.2     158.6
44.21    160.9
44.22    160.3
44.23    157.9
44.24    155.3
44.25    153.7
44.26    153.2
44.27    153.5
44.28    154.4
44.29    156.0
44.3     157.7
44.31    158.3
44.32    156.6
44.33    152.8
44.34    147.5
44.35    141.9
44.36    137.4
44.37    135.1
44.38    135.8
44.39    139.0
44.4     143.1
44.41    146.7
44.42    149.1
44.43    150.0
44.44    149.3
44.45    148.0
44.46    147.7
44.47    149.0
44.48    150.8
44.49    150.9
44.5     149.2
44.51    148.1
44.52    149.8
44.53    153.9
44.54    157.1
44.55    156.6
44.56    152.7
44.57    148.2
44.58    145.9
44.59    146.2
44.6     147.7
44.61    148.8
44.62    149.1
44.63    150.4
44.64    150.7
44.65    150.3
44.66    150.4
44.67    151.8
44.68    153.5
44.69    153.8
44.7     151.8
44.71    148.3
44.72    144.5
44.73    141.1
44.74    138.0
44.75    135.7
44.76    134.6
44.77    134.9
44.78    136.1
44.79    137.9
44.8     140.2
44.81    142.8
44.82    145.2
44.83    148.1
44.84    151.9
44.85    155.4
44.86    156.9
44.87    156.1
44.88    154.4
44.89    153.5
44.9     152.9
44.91    151.4
44.92    149.1
44.93    147.4
44.94    146.4
44.95    146.0
44.96    146.0
44.97    147.1
44.98    148.6
44.99    149.9
45.0     150.4
45.01    149.9
45.02    148.6
45.03    146.6
45.04    144.4
45.05    142.9
45.06    143.4
45.07    146.0
45.08    149.3
45.09    151.1
45.1     149.9
45.11    146.5
45.12    143.9
45.13    145.0
45.14    150.3
45.15    156.5
45.16    158.9
45.17    155.1
45.18    147.2
45.19    140.2
45.2     138.2
45.21    141.4
45.22    146.6
45.23    150.5
45.24    152.3
45.25    153.0
45.26    153.8
45.27    154.5
45.28    154.3
45.29    153.6
45.3     153.3
45.31    154.3
45.32    156.1
45.33    157.2
45.34    156.1
45.35    154.0
45.36    153.8
45.37    155.6
45.38    156.4
45.39    153.7
45.4     148.6
45.41    144.3
45.42    143.5
45.43    146.7
45.44    152.4
45.45    157.9
45.46    160.5
45.47    158.8
45.48    153.9
45.49    149.0
45.5     147.1
45.51    149.4
45.52    153.8
45.53    156.8
45.54    156.2
45.55    152.2
45.56    147.2
45.57    144.3
45.58    145.1
45.59    149.3
45.6     154.8
45.61    159.2
45.62    161.0
45.63    160.1
45.64    156.9
45.65    152.3
45.66    147.4
45.67    144.0
45.68    143.1
45.69    144.8
45.7     148.3
45.71    152.6
45.72    157.3
45.73    161.8
45.74    166.1
45.75    170.2
45.76    173.2
45.77    172.7
45.78    166.6
45.79    155.7
45.8     144.7
45.81    138.8
45.82    139.7
45.83    144.6
45.84    149.8
45.85    153.4
45.86    155.7
45.87    157.5
45.88    159.2
45.89    160.0
45.9     158.4
45.91    154.0
45.92    148.0
45.93    143.5
45.94    142.8
45.95    145.5
45.96    148.0
45.97    148.3
45.98    147.5
45.99    148.7
46.0     152.6
46.01    156.4
46.02    156.3
46.03    152.0
46.04    146.7
46.05    144.2
46.06    145.5
46.07    149.3
46.08    153.8
46.09    157.4
46.1     158.8
46.11    157.2
46.12    153.6
46.13    150.7
46.14    150.5
46.15    151.9
46.16    152.4
46.17    151.3
46.18    150.4
46.19    152.2
46.2     156.7
46.21    160.9
46.22    161.7
46.23    158.1
46.24    152.3
46.25    147.6
46.26    146.6
46.27    149.1
46.28    152.6
46.29    153.6
46.3     152.2
46.31    152.4
46.32    151.2
46.33    151.5
46.34    153.4
46.35    155.2
46.36    157.3
46.37    159.9
46.38    161.7
46.39    161.4
46.4     158.7
46.41    154.9
46.42    152.2
46.43    152.0
46.44    154.8
46.45    159.4
46.46    162.9
46.47    162.0
46.48    156.0
46.49    147.6
46.5     140.9
46.51    138.8
46.52    140.9
46.53    145.5
46.54    150.9
46.55    155.5
46.56    158.2
46.57    158.8
46.58    158.0
46.59    157.5
46.6     158.3
46.61    160.2
46.62    162.0
46.63    162.2
46.64    159.8
46.65    155.6
46.66    152.0
46.67    150.9
46.68    153.4
46.69    158.3
46.7     163.5
46.71    166.4
46.72    165.3
46.73    159.8
46.74    152.3
46.75    147.0
46.76    147.2
46.77    152.8
46.78    160.1
46.79    165.2
46.8     167.3
46.81    167.6
46.82    166.7
46.83    164.0
46.84    158.9
46.85    153.9
46.86    152.6
46.87    156.3
46.88    162.2
46.89    165.0
46.9     162.5
46.91    156.7
46.92    152.0
46.93    150.4
46.94    150.7
46.95    150.8
46.96    150.3
46.97    150.0
46.98    151.0
46.99    152.9
47.0     154.4
47.01    154.1
47.02    151.8
47.03    148.8
47.04    147.6
47.05    149.7
47.06    154.4
47.07    159.4
47.08    161.6
47.09    159.9
47.1     154.8
47.11    148.6
47.12    143.8
47.13    141.9
47.14    143.1
47.15    146.4
47.16    150.2
47.17    153.2
47.18    154.3
47.19    153.2
47.2     150.2
47.21    146.7
47.22    144.7
47.23    145.9
47.24    149.9
47.25    154.6
47.26    157.9
47.27    158.8
47.28    157.8
47.29    155.8
47.3     153.1
47.31    150.2
47.32    148.2
47.33    148.2
47.34    150.3
47.35    153.0
47.36    154.8
47.37    155.7
47.38    157.0
47.39    159.1
47.4     160.4
47.41    159.2
47.42    155.4
47.43    151.3
47.44    149.1
47.45    148.4
47.46    147.5
47.47    146.0
47.48    145.4
47.49    147.7
47.5     152.7
47.51    158.2
47.52    161.8
47.53    162.7
47.54    160.7
47.55    156.3
47.56    150.7
47.57    146.1
47.58    144.7
47.59    146.9
47.6     150.8
47.61    153.3
47.62    152.5
47.63    148.5
47.64    143.7
47.65    140.8
47.66    141.4
47.67    145.5
47.68    151.4
47.69    156.9
47.7     160.5
47.71    161.4
47.72    159.8
47.73    156.7
47.74    153.6
47.75    151.4
47.76    149.4
47.77    146.8
47.78    144.2
47.79    144.4
47.8     149.3
47.81    157.8
47.82    165.1
47.83    166.8
47.84    161.9
47.85    153.2
47.86    145.0
47.87    139.7
47.88    137.5
47.89    137.7
47.9     139.1
47.91    141.1
47.92    142.8
47.93    144.3
47.94    146.7
47.95    147.2
47.96    146.5
47.97    147.0
47.98    150.0
47.99    153.9
48.0     155.8
48.01    154.3
48.02    150.5
48.03    146.7
48.04    144.3
48.05    143.1
48.06    142.4
48.07    142.1
48.08    142.0
48.09    142.1
48.1     142.7
48.11    142.6
48.12    141.6
48.13    141.1
48.14    143.3
48.15    148.8
48.16    154.8
48.17    156.7
48.18    152.2
48.19    144.2
48.2     137.9
48.21    137.0
48.22    140.8
48.23    145.5
48.24    147.6
48.25    146.6
48.26    144.6
48.27    143.9
48.28    145.2
48.29    147.3
48.3     148.8
48.31    148.9
48.32    148.1
48.33    147.0
48.34    145.9
48.35    145.1
48.36    144.8
48.37    144.5
48.38    143.5
48.39    142.6
48.4     142.9
48.41    142.2
48.42    141.5
48.43    143.8
48.44    149.4
48.45    155.2
48.46    157.7
48.47    156.2
48.48    152.5
48.49    149.0
48.5     147.0
48.51    146.6
48.52    147.8
48.53    150.3
48.54    152.5
48.55    152.0
48.56    148.1
48.57    142.9
48.58    140.3
48.59    143.2
48.6     151.2
48.61    160.5
48.62    166.3
48.63    166.1
48.64    161.0
48.65    154.2
48.66    148.6
48.67    145.8
48.68    146.1
48.69    148.8
48.7     152.8
48.71    156.2
48.72    157.6
48.73    156.7
48.74    154.5
48.75    152.4
48.76    150.9
48.77    149.7
48.78    148.7
48.79    148.8
48.8     150.6
48.81    153.2
48.82    154.4
48.83    153.0
48.84    149.9
48.85    147.6
48.86    147.5
48.87    149.2
48.88    150.5
48.89    150.5
48.9     149.1
48.91    147.2
48.92    145.3
48.93    143.2
48.94    140.8
48.95    138.7
48.96    138.3
48.97    141.1
48.98    146.9
48.99    153.0
49.0     156.0
49.01    154.5
49.02    150.3
49.03    147.1
49.04    147.0
49.05    149.3
49.06    151.3
49.07    150.8
49.08    147.7
49.09    143.3
49.1     139.8
49.11    139.0
49.12    141.4
49.13    145.8
49.14    150.2
49.15    152.3
49.16    150.8
49.17    146.0
49.18    140.0
49.19    135.9
49.2     136.3
49.21    140.2
49.22    144.2
49.23    145.0
49.24    142.3
49.25    138.9
49.26    137.1
49.27    137.1
49.28    137.8
49.29    138.9
49.3     141.2
49.31    145.1
49.32    149.0
49.33    150.7
49.34    149.1
49.35    145.9
49.36    143.9
49.37    144.9
49.38    147.6
49.39    149.2
49.4     147.8
49.41    143.5
49.42    138.2
49.43    134.3
49.44    133.3
49.45    135.5
49.46    140.2
49.47    145.9
49.48    151.1
49.49    154.5
49.5     156.0
49.51    156.4
49.52    156.3
49.53    155.9
49.54    154.9
49.55    153.2
49.56    151.0
49.57    148.5
49.58    146.0
49.59    143.7
49.6     141.7
49.61    140.5
49.62    139.7
49.63    140.1
49.64    141.9
49.65    144.8
49.66    148.0
49.67    150.8
49.68    152.7
49.69    153.2
49.7     152.2
49.71    150.2
49.72    148.2
49.73    147.6
49.74    148.2
49.75    149.1
49.76    148.9
49.77    147.3
49.78    144.9
49.79    142.1
49.8     139.2
49.81    136.5
49.82    134.5
49.83    133.5
49.84    133.6
49.85    134.2
49.86    135.6
49.87    137.5
49.88    139.8
49.89    142.5
49.9     145.1
49.91    147.4
49.92    149.8
49.93    153.3
49.94    157.8
49.95    161.3
49.96    161.0
49.97    156.0
49.98    149.4
49.99    146.6
50.0     150.5
50.01    158.2
50.02    163.7
50.03    162.5
50.04    155.3
50.05    146.6
50.06    141.3
50.07    142.0
50.08    148.2
50.09    156.8
50.1     163.8
50.11    166.4
50.12    164.5
50.13    159.9
50.14    154.3
50.15    148.7
50.16    144.6
50.17    143.7
50.18    146.4
50.19    150.5
50.2     152.5
50.21    150.5
50.22    146.5
50.23    143.7
50.24    143.1
50.25    143.3
50.26    142.3
50.27    140.6
50.28    140.6
50.29    143.6
50.3     148.5
50.31    152.9
50.32    155.1
50.33    155.4
50.34    155.1
50.35    154.8
50.36    153.5
50.37    150.2
50.38    145.3
50.39    140.2
50.4     137.1
50.41    136.9
50.42    139.9
50.43    144.9
50.44    149.6
50.45    151.9
50.46    151.3
50.47    148.6
50.48    145.6
50.49    143.8
50.5     143.9
50.51    146.3
50.52    150.1
50.53    153.7
50.54    155.6
50.55    154.7
50.56    151.5
50.57    147.2
50.58    144.0
50.59    143.7
50.6     146.3
50.61    149.8
50.62    151.5
50.63    150.1
50.64    146.8
50.65    144.0
50.66    143.5
50.67    145.0
50.68    147.2
50.69    149.3
50.7     151.7
50.71    154.9
50.72    158.5
50.73    160.8
50.74    160.7
50.75    158.1
50.76    154.3
50.77    150.6
50.78    148.1
50.79    147.9
50.8     150.7
50.81    155.4
50.82    159.3
50.83    159.9
50.84    157.0
50.85    153.1
50.86    150.8
50.87    150.8
50.88    152.7
50.89    155.4
50.9     157.4
50.91    157.9
50.92    156.5
50.93    154.2
50.94    151.7
50.95    149.2
50.96    146.6
50.97    144.8
50.98    144.4
50.99    144.8
51.0     145.1
51.01    145.4
51.02    147.2
51.03    151.0
51.04    155.3
51.05    157.7
51.06    156.8
51.07    153.9
51.08    151.6
51.09    151.9
51.1     153.8
51.11    155.2
51.12    155.2
51.13    154.3
51.14    153.5
51.15    152.2
51.16    150.7
51.17    149.1
51.18    147.6
51.19    147.1
51.2     146.2
51.21    146.8
51.22    150.0
51.23    154.6
51.24    157.5
51.25    157.3
51.26    155.1
51.27    153.8
51.28    154.7
51.29    156.2
51.3     155.2
51.31    150.9
51.32    146.3
51.33    145.4
51.34    148.9
51.35    153.5
51.36    155.6
51.37    153.9
51.38    150.1
51.39    146.3
51.4     143.3
51.41    141.3
51.42    139.9
51.43    139.3
51.44    139.7
51.45    141.2
51.46    143.1
51.47    145.2
51.48    147.7
51.49    149.9
51.5     151.5
51.51    152.5
51.52    153.9
51.53    155.9
51.54    157.5
51.55    157.3
51.56    155.1
51.57    152.1
51.58    150.2
51.59    149.6
51.6     149.7
51.61    149.3
51.62    148.0
51.63    146.4
51.64    146.4
51.65    149.2
51.66    154.3
51.67    158.4
51.68    158.6
51.69    154.7
51.7     149.8
51.71    147.7
51.72    150.2
51.73    155.0
51.74    158.4
51.75    157.6
51.76    152.8
51.77    146.9
51.78    143.0
51.79    143.0
51.8     146.5
51.81    151.5
51.82    155.4
51.83    156.5
51.84    155.1
51.85    152.5
51.86    150.8
51.87    150.4
51.88    150.4
51.89    149.6
51.9     148.1
51.91    147.4
51.92    149.1
51.93    153.2
51.94    157.7
51.95    160.2
51.96    159.5
51.97    156.7
51.98    154.4
51.99    153.8
52.0     154.3
52.01    154.0
52.02    151.9
52.03    148.8
52.04    146.7
52.05    147.4
52.06    151.3
52.07    156.8
52.08    161.2
52.09    162.7
52.1     161.7
52.11    160.4
52.12    160.5
52.13    161.3
52.14    161.8
52.15    162.4
52.16    164.5
52.17    167.9
52.18    170.1
52.19    168.3
52.2     162.7
52.21    156.4
52.22    152.5
52.23    152.2
52.24    154.1
52.25    156.5
52.26    157.8
52.27    157.3
52.28    155.1
52.29    152.4
52.3     150.4
52.31    150.2
52.32    151.9
52.33    154.8
52.34    157.4
52.35    158.3
52.36    156.7
52.37    153.1
52.38    149.2
52.39    146.8
52.4     146.8
52.41    148.3
52.42    150.6
52.43    153.0
52.44    155.6
52.45    157.6
52.46    157.9
52.47    156.4
52.48    154.7
52.49    154.9
52.5     157.3
52.51    159.5
52.52    158.7
52.53    154.3
52.54    149.3
52.55    147.8
52.56    151.2
52.57    157.4
52.58    162.2
52.59    162.6
52.6     158.6
52.61    151.9
52.62    145.0
52.63    139.5
52.64    136.8
52.65    137.8
52.66    142.3
52.67    148.2
52.68    152.8
52.69    154.2
52.7     152.6
52.71    149.5
52.72    146.5
52.73    144.2
52.74    143.2
52.75    143.9
52.76    146.6
52.77    150.2
52.78    152.6
52.79    151.9
52.8     148.9
52.81    147.0
52.82    149.2
52.83    154.8
52.84    159.7
52.85    160.3
52.86    156.8
52.87    152.7
52.88    150.5
52.89    150.2
52.9     150.4
52.91    150.8
52.92    152.4
52.93    155.1
52.94    157.7
52.95    158.7
52.96    158.0
52.97    157.3
52.98    158.1
52.99    159.9
53.0     160.1
53.01    156.1
53.02    148.4
53.03    141.2
53.04    139.4
53.05    143.9
53.06    150.8
53.07    155.3
53.08    156.0
53.09    156.1
53.1     158.7
53.11    163.3
53.12    165.8
53.13    163.7
53.14    158.4
53.15    153.8
53.16    152.9
53.17    155.1
53.18    158.3
53.19    160.7
53.2     161.7
53.21    161.5
53.22    161.0
53.23    160.7
53.24    161.2
53.25    161.9
53.26    161.7
53.27    159.2
53.28    154.5
53.29    149.1
53.3     145.8
53.31    146.7
53.32    151.2
53.33    156.2
53.34    158.4
53.35    156.9
53.36    153.3
53.37    150.1
53.38    148.9
53.39    149.0
53.4     148.8
53.41    147.0
53.42    144.0
53.43    141.8
53.44    140.7
53.45    141.5
53.46    144.5
53.47    148.8
53.48    152.6
53.49    153.9
53.5     152.4
53.51    149.0
53.52    146.1
53.53    146.0
53.54    149.1
53.55    153.4
53.56    156.4
53.57    157.5
53.58    157.4
53.59    156.6
53.6     154.6
53.61    151.0
53.62    147.0
53.63    144.9
53.64    145.9
53.65    148.4
53.66    150.4
53.67    151.2
53.68    152.3
53.69    155.1
53.7     158.4
53.71    159.6
53.72    156.9
53.73    151.6
53.74    147.1
53.75    146.0
53.76    148.9
53.77    153.9
53.78    159.0
53.79    162.7
53.8     164.3
53.81    162.9
53.82    158.5
53.83    153.2
53.84    149.7
53.85    150.0
53.86    153.1
53.87    156.3
53.88    158.1
53.89    159.1
53.9     160.8
53.91    163.1
53.92    164.9
53.93    165.3
53.94    164.8
53.95    164.0
53.96    162.5
53.97    159.7
53.98    155.6
53.99    151.9
54.0     150.2
54.01    149.9
54.02    149.2
54.03    147.7
54.04    147.1
54.05    146.5
54.06    146.0
54.07    145.8
54.08    146.2
54.09    146.7
54.1     147.4
54.11    148.2
54.12    149.0
54.13    149.6
54.14    149.9
54.15    150.0
54.16    149.7
54.17    149.1
54.18    148.3
54.19    147.1
54.2     145.8
54.21    144.9
54.22    143.8
54.23    143.3
54.24    144.3
54.25    146.3
54.26    147.5
54.27    146.2
54.28    142.9
54.29    139.8
54.3     139.3
54.31    142.2
54.32    146.8
54.33    150.3
54.34    150.7
54.35    148.2
54.36    144.8
54.37    143.4
54.38    144.6
54.39    147.4
54.4     149.3
54.41    150.1
54.42    150.6
54.43    150.8
54.44    150.2
54.45    149.1
54.46    148.0
54.47    146.9
54.48    145.8
54.49    145.7
54.5     147.7
54.51    150.6
54.52    152.4
54.53    152.3
54.54    151.0
54.55    149.5
54.56    148.0
54.57    146.5
54.58    144.9
54.59    143.1
54.6     142.0
54.61    142.7
54.62    143.3
54.63    144.4
54.64    145.5
54.65    146.4
54.66    146.9
54.67    147.5
54.68    147.3
54.69    148.1
54.7     150.2
54.71    152.7
54.72    154.6
54.73    154.7
54.74    152.7
54.75    149.8
54.76    148.1
54.77    149.3
54.78    153.0
54.79    157.1
54.8     159.4
54.81    158.0
54.82    152.8
54.83    145.5
54.84    138.6
54.85    134.8
54.86    135.8
54.87    141.4
54.88    148.9
54.89    154.6
54.9     155.9
54.91    153.1
54.92    149.2
54.93    146.9
54.94    146.9
54.95    147.5
54.96    146.6
54.97    143.1
54.98    138.6
54.99    135.8
55.0     136.9
55.01    142.0
55.02    148.1
55.03    151.3
55.04    149.5
55.05    143.6
55.06    137.5
55.07    135.4
55.08    139.0
55.09    147.0
55.1     155.7
55.11    162.0
55.12    164.8
55.13    164.3
55.14    161.0
55.15    156.1
55.16    151.5
55.17    149.2
55.18    149.9
55.19    152.6
55.2     155.0
55.21    155.7
55.22    154.7
55.23    153.3
55.24    152.3
55.25    152.1
55.26    152.3
55.27    152.2
55.28    151.5
55.29    150.9
55.3     150.1
55.31    149.1
55.32    148.1
55.33    147.2
55.34    146.6
55.35    146.3
55.36    146.5
55.37    147.2
55.38    148.5
55.39    150.2
55.4     152.0
55.41    154.0
55.42    156.0
55.43    157.2
55.44    157.6
55.45    158.6
55.46    161.0
55.47    163.6
55.48    163.3
55.49    158.4
55.5     150.9
55.51    145.0
55.52    142.9
55.53    143.7
55.54    145.0
55.55    145.8
55.56    146.2
55.57    147.2
55.58    147.9
55.59    148.3
55.6     148.3
55.61    149.1
55.62    148.7
55.63    147.5
55.64    147.6
55.65    150.3
55.66    153.9
55.67    155.3
55.68    153.1
55.69    149.1
55.7     146.6
55.71    147.7
55.72    151.4
55.73    155.1
55.74    156.5
55.75    155.6
55.76    154.0
55.77    152.8
55.78    150.9
55.79    146.5
55.8     139.7
55.81    133.3
55.82    130.6
55.83    132.4
55.84    136.6
55.85    141.0
55.86    144.6
55.87    147.5
55.88    149.6
55.89    150.6
55.9     150.9
55.91    151.1
55.92    150.9
55.93    149.9
55.94    147.8
55.95    145.5
55.96    144.2
55.97    144.9
55.98    147.3
55.99    150.1
56.0     151.6
56.01    150.1
56.02    145.8
56.03    140.9
56.04    138.2
56.05    138.9
56.06    142.3
56.07    146.4
56.08    149.0
56.09    148.4
56.1     144.5
56.11    138.9
56.12    134.5
56.13    133.3
56.14    135.1
56.15    138.4
56.16    141.1
56.17    143.1
56.18    146.1
56.19    148.0
56.2     149.0
56.21    150.3
56.22    153.2
56.23    157.1
56.24    159.9
56.25    159.0
56.26    154.1
56.27    148.1
56.28    145.2
56.29    147.2
56.3     152.8
56.31    158.1
56.32    159.6
56.33    156.8
56.34    152.0
56.35    148.2
56.36    146.9
56.37    147.6
56.38    148.9
56.39    150.1
56.4     151.1
56.41    152.8
56.42    153.3
56.43    152.7
56.44    152.7
56.45    155.1
56.46    159.6
56.47    163.2
56.48    162.8
56.49    156.9
56.5     147.3
56.51    137.6
56.52    131.3
56.53    129.7
56.54    132.0
56.55    136.1
56.56    140.8
56.57    145.2
56.58    148.6
56.59    150.4
56.6     150.0
56.61    148.4
56.62    147.3
56.63    148.2
56.64    151.6
56.65    156.3
56.66    160.5
56.67    162.4
56.68    161.5
56.69    158.4
56.7     154.5
56.71    150.7
56.72    147.5
56.73    145.4
56.74    144.9
56.75    146.7
56.76    150.5
56.77    153.9
56.78    154.5
56.79    151.4
56.8     146.5
56.81    142.5
56.82    140.4
56.83    139.3
56.84    138.7
56.85    139.7
56.86    144.3
56.87    151.4
56.88    157.4
56.89    158.5
56.9     154.7
56.91    149.1
56.92    145.0
56.93    143.8
56.94    144.3
56.95    144.9
56.96    144.7
56.97    143.5
56.98    142.5
56.99    141.1
57.0     139.3
57.01    137.5
57.02    136.6
57.03    135.8
57.04    136.0
57.05    138.3
57.06    143.3
57.07    149.7
57.08    155.5
57.09    158.1
57.1     156.5
57.11    151.7
57.12    146.0
57.13    142.0
57.14    139.8
57.15    138.2
57.16    136.2
57.17    135.0
57.18    136.8
57.19    142.5
57.2     149.5
57.21    153.7
57.22    153.0
57.23    148.9
57.24    144.4
57.25    142.0
57.26    141.3
57.27    141.1
57.28    141.3
57.29    143.3
57.3     148.7
57.31    156.1
57.32    161.9
57.33    162.5
57.34    158.2
57.35    152.3
57.36    148.3
57.37    147.6
57.38    148.4
57.39    148.5
57.4     147.2
57.41    145.4
57.42    144.7
57.43    145.9
57.44    148.4
57.45    150.8
57.46    151.3
57.47    149.3
57.48    146.0
57.49    143.4
57.5     143.3
57.51    145.9
57.52    149.6
57.53    151.8
57.54    150.3
57.55    144.9
57.56    137.9
57.57    133.2
57.58    134.0
57.59    140.6
57.6     150.5
57.61    159.5
57.62    163.7
57.63    162.2
57.64    157.2
57.65    152.0
57.66    148.9
57.67    147.6
57.68    146.3
57.69    143.7
57.7     139.6
57.71    135.4
57.72    133.2
57.73    134.2
57.74    137.5
57.75    140.8
57.76    141.8
57.77    140.1
57.78    137.4
57.79    136.5
57.8     139.3
57.81    144.9
57.82    149.8
57.83    151.0
57.84    148.3
57.85    145.4
57.86    145.9
57.87    149.7
57.88    153.3
57.89    153.9
57.9     151.6
57.91    148.9
57.92    147.4
57.93    146.8
57.94    145.9
57.95    144.7
57.96    144.2
57.97    144.6
57.98    144.8
57.99    145.4
58.0     146.3
58.01    147.0
58.02    147.3
58.03    148.2
58.04    148.1
58.05    147.4
58.06    147.7
58.07    149.7
58.08    152.5
58.09    153.8
58.1     152.4
58.11    149.6
58.12    147.1
58.13    145.7
58.14    145.0
58.15    145.1
58.16    147.1
58.17    151.7
58.18    156.9
58.19    158.9
58.2     155.8
58.21    150.1
58.22    146.8
58.23    148.2
58.24    152.3
58.25    154.5
58.26    152.6
58.27    148.3
58.28    145.0
58.29    144.5
58.3     145.9
58.31    146.5
58.32    144.6
58.33    140.7
58.34    137.3
58.35    137.0
58.36    140.1
58.37    144.7
58.38    149.0
58.39    152.8
58.4     156.1
58.41    157.7
58.42    155.9
58.43    150.7
58.44    144.7
58.45    141.1
58.46    141.5
58.47    144.9
58.48    148.9
58.49    151.5
58.5     152.1
58.51    151.4
58.52    150.2
58.53    149.6
58.54    150.3
58.55    152.7
58.56    156.6
58.57    160.3
58.58    161.4
58.59    158.5
58.6     152.8
58.61    147.7
58.62    146.6
58.63    149.9
58.64    154.5
58.65    155.9
58.66    152.1
58.67    145.3
58.68    139.9
58.69    138.3
58.7     139.9
58.71    142.6
58.72    145.4
58.73    148.6
58.74    152.1
58.75    154.7
58.76    154.7
58.77    152.3
58.78    149.5
58.79    148.5
58.8     149.5
58.81    151.1
58.82    151.4
58.83    150.6
58.84    150.5
58.85    151.4
58.86    153.7
58.87    156.9
58.88    160.1
58.89    162.6
58.9     163.6
58.91    163.3
58.92    161.8
58.93    159.5
58.94    157.0
58.95    154.9
58.96    153.2
58.97    151.6
58.98    150.1
58.99    148.6
59.0     147.1
59.01    146.4
59.02    148.0
59.03    153.1
59.04    160.3
59.05    166.1
59.06    167.4
59.07    164.1
59.08    158.9
59.09    155.0
59.1     153.8
59.11    155.9
59.12    161.2
59.13    168.6
59.14    175.1
59.15    176.6
59.16    171.5
59.17    162.4
59.18    154.5
59.19    152.4
59.2     157.2
59.21    166.3
59.22    175.4
59.23    180.5
59.24    179.5
59.25    173.4
59.26    165.5
59.27    159.8
59.28    158.3
59.29    160.0
59.3     161.8
59.31    161.5
59.32    159.4
59.33    158.7
59.34    158.3
59.35    159.0
59.36    162.2
59.37    167.5
59.38    172.6
59.39    174.7
59.4     173.1
59.41    169.0
59.42    165.1
59.43    163.6
59.44    164.9
59.45    167.7
59.46    170.0
59.47    170.7
59.48    170.3
59.49    169.2
59.5     167.4
59.51    164.6
59.52    161.4
59.53    158.4
59.54    156.6
59.55    156.0
59.56    156.0
59.57    156.5
59.58    157.3
59.59    158.2
59.6     159.0
59.61    159.8
59.62    160.3
59.63    160.6
59.64    160.8
59.65    160.7
59.66    160.4
59.67    159.8
59.68    159.2
59.69    158.3
59.7     157.3
59.71    156.4
59.72    156.4
59.73    156.4
59.74    157.8
59.75    161.9
59.76    167.1
59.77    170.7
59.78    171.6
59.79    171.0
59.8     170.5
59.81    170.9
59.82    171.5
59.83    171.6
59.84    170.3
59.85    167.5
59.86    164.2
59.87    161.8
59.88    161.0
59.89    161.5
59.9     162.0
59.91    160.8
59.92    157.2
59.93    152.3
59.94    148.8
59.95    149.1
59.96    152.6
59.97    156.0
59.98    155.8
59.99    150.8
60.0     144.0
60.01    139.2
60.02    138.9
60.03    142.8
60.04    148.9
60.05    155.4
60.06    160.5
60.07    163.2
60.08    163.8
60.09    163.1
60.1     162.5
60.11    162.0
60.12    161.2
60.13    159.9
60.14    158.1
60.15    155.9
60.16    153.6
60.17    152.6
60.18    154.5
60.19    159.4
60.2     164.7
60.21    167.1
60.22    164.9
60.23    160.0
60.24    155.4
60.25    153.2
60.26    153.2
60.27    154.1
60.28    155.3
60.29    156.0
60.3     155.3
60.31    151.9
60.32    146.5
60.33    141.6
60.34    140.2
60.35    143.3
60.36    148.9
60.37    153.9
60.38    157.2
60.39    158.9
60.4     159.9
60.41    160.1
60.42    159.3
60.43    158.6
60.44    159.2
60.45    161.2
60.46    163.0
60.47    163.0
60.48    161.7
60.49    161.4
60.5     163.1
60.51    165.2
60.52    165.1
60.53    161.9
60.54    158.0
60.55    157.0
60.56    160.0
60.57    164.2
60.58    166.1
60.59    164.3
60.6     161.2
60.61    159.5
60.62    159.7
60.63    160.1
60.64    159.6
60.65    158.5
60.66    157.5
60.67    156.3
60.68    156.3
60.69    157.7
60.7     159.5
60.71    160.9
60.72    161.9
60.73    162.2
60.74    160.8
60.75    157.3
60.76    153.4
60.77    151.6
60.78    153.8
60.79    158.6
60.8     162.5
60.81    162.6
60.82    158.8
60.83    154.0
60.84    151.3
60.85    151.4
60.86    152.8
60.87    154.1
60.88    155.4
60.89    157.7
60.9     161.0
60.91    163.7
60.92    164.1
60.93    162.2
60.94    159.0
60.95    156.0
60.96    154.1
60.97    153.3
60.98    152.4
60.99    150.3
61.0     147.5
61.01    145.6
61.02    145.0
61.03    146.3
61.04    149.9
61.05    154.7
61.06    158.7
61.07    160.5
61.08    159.9
61.09    158.1
61.1     156.5
61.11    156.5
61.12    157.8
61.13    159.0
61.14    157.7
61.15    153.6
61.16    148.3
61.17    144.2
61.18    142.1
61.19    142.4
61.2     145.1
61.21    150.6
61.22    157.9
61.23    164.0
61.24    165.6
61.25    162.2
61.26    156.1
61.27    150.6
61.28    147.8
61.29    148.1
61.3     150.5
61.31    153.8
61.32    156.3
61.33    156.4
61.34    154.4
61.35    151.6
61.36    149.6
61.37    148.8
61.38    148.7
61.39    149.8
61.4     153.4
61.41    159.7
61.42    165.8
61.43    167.6
61.44    163.4
61.45    156.3
61.46    151.6
61.47    152.0
61.48    155.8
61.49    159.3
61.5     161.1
61.51    162.5
61.52    164.4
61.53    165.7
61.54    164.5
61.55    161.0
61.56    157.9
61.57    157.6
61.58    159.2
61.59    160.5
61.6     160.1
61.61    159.3
61.62    159.6
61.63    160.2
61.64    159.4
61.65    155.9
61.66    150.6
61.67    145.0
61.68    140.8
61.69    138.4
61.7     137.6
61.71    137.7
61.72    138.2
61.73    139.7
61.74    142.8
61.75    146.9
61.76    150.8
61.77    153.4
61.78    154.4
61.79    154.8
61.8     155.5
61.81    156.9
61.82    158.3
61.83    158.5
61.84    156.7
61.85    152.6
61.86    147.3
61.87    142.7
61.88    141.0
61.89    143.7
61.9     150.0
61.91    157.0
61.92    160.9
61.93    160.3
61.94    157.2
61.95    154.9
61.96    155.1
61.97    156.6
61.98    157.3
61.99    156.6
62.0     155.2
62.01    154.1
62.02    152.7
62.03    151.5
62.04    150.6
62.05    150.2
62.06    150.0
62.07    150.2
62.08    150.5
62.09    151.0
62.1     151.5
62.11    152.1
62.12    152.6
62.13    153.1
62.14    153.4
62.15    153.6
62.16    154.2
62.17    154.5
62.18    154.8
62.19    156.0
62.2     158.7
62.21    162.4
62.22    165.9
62.23    167.0
62.24    164.0
62.25    157.1
62.26    149.0
62.27    142.8
62.28    140.0
62.29    139.4
62.3     139.5
62.31    139.0
62.32    138.2
62.33    138.3
62.34    138.5
62.35    139.0
62.36    140.3
62.37    142.5
62.38    145.4
62.39    148.9
62.4     152.8
62.41    156.2
62.42    157.6
62.43    156.0
62.44    152.1
62.45    148.1
62.46    145.9
62.47    146.4
62.48    148.9
62.49    152.4
62.5     155.7
62.51    156.9
62.52    154.5
62.53    148.9
62.54    143.3
62.55    141.3
62.56    144.5
62.57    150.4
62.58    155.1
62.59    155.5
62.6     151.8
62.61    146.8
62.62    144.1
62.63    144.8
62.64    147.9
62.65    150.3
62.66    150.2
62.67    147.8
62.68    145.9
62.69    146.9
62.7     151.0
62.71    155.3
62.72    156.8
62.73    154.4
62.74    150.8
62.75    149.7
62.76    152.9
62.77    158.0
62.78    160.8
62.79    159.5
62.8     156.0
62.81    153.7
62.82    154.0
62.83    155.5
62.84    155.8
62.85    154.0
62.86    150.8
62.87    147.6
62.88    145.9
62.89    146.7
62.9     149.3
62.91    151.6
62.92    151.2
62.93    147.8
62.94    143.8
62.95    142.6
62.96    145.3
62.97    150.0
62.98    153.6
62.99    153.6
63.0     150.5
63.01    146.3
63.02    142.4
63.03    139.6
63.04    138.2
63.05    138.9
63.06    142.3
63.07    147.6
63.08    152.5
63.09    155.2
63.1     156.0
63.11    156.6
63.12    157.4
63.13    157.4
63.14    154.8
63.15    149.5
63.16    143.9
63.17    141.0
63.18    142.0
63.19    145.5
63.2     149.0
63.21    150.8
63.22    150.4
63.23    148.5
63.24    145.9
63.25    143.8
63.26    143.3
63.27    144.7
63.28    147.2
63.29    149.1
63.3     149.3
63.31    148.6
63.32    149.3
63.33    152.3
63.34    156.3
63.35    157.9
63.36    154.8
63.37    148.1
63.38    141.8
63.39    139.5
63.4     142.4
63.41    148.2
63.42    153.3
63.43    155.1
63.44    152.5
63.45    146.7
63.46    140.6
63.47    137.8
63.48    140.7
63.49    147.7
63.5     154.5
63.51    156.6
63.52    154.0
63.53    150.5
63.54    150.0
63.55    153.0
63.56    156.5
63.57    157.1
63.58    154.7
63.59    151.2
63.6     148.8
63.61    147.7
63.62    146.9
63.63    144.9
63.64    142.0
63.65    139.8
63.66    139.8
63.67    142.1
63.68    145.3
63.69    147.1
63.7     146.4
63.71    144.4
63.72    143.2
63.73    144.1
63.74    146.7
63.75    149.2
63.76    150.3
63.77    150.2
63.78    149.2
63.79    147.3
63.8     144.1
63.81    139.9
63.82    136.1
63.83    134.5
63.84    136.5
63.85    141.5
63.86    147.4
63.87    151.3
63.88    150.9
63.89    146.9
63.9     142.1
63.91    139.8
63.92    141.3
63.93    145.5
63.94    150.3
63.95    154.3
63.96    157.0
63.97    157.9
63.98    156.9
63.99    154.9
64.0     153.2
64.01    153.1
64.02    153.9
64.03    153.8
64.04    152.1
64.05    149.7
64.06    148.8
64.07    150.2
64.08    152.0
64.09    151.7
64.1     148.1
64.11    142.7
64.12    138.7
64.13    138.4
64.14    141.8
64.15    146.4
64.16    149.0
64.17    148.2
64.18    145.5
64.19    143.6
64.2     144.3
64.21    147.5
64.22    152.0
64.23    156.2
64.24    158.3
64.25    157.2
64.26    152.8
64.27    147.3
64.28    143.3
64.29    142.4
64.3     144.0
64.31    145.8
64.32    146.0
64.33    144.5
64.34    143.5
64.35    141.8
64.36    140.7
64.37    139.8
64.38    140.0
64.39    142.7
64.4     148.3
64.41    155.2
64.42    160.9
64.43    162.9
64.44    160.6
64.45    154.7
64.46    146.8
64.47    139.3
64.48    134.9
64.49    135.7
64.5     141.3
64.51    148.4
64.52    153.2
64.53    153.9
64.54    151.8
64.55    149.0
64.56    147.1
64.57    146.3
64.58    146.1
64.59    145.9
64.6     145.2
64.61    143.9
64.62    143.1
64.63    144.0
64.64    147.1
64.65    151.1
64.66    153.6
64.67    152.4
64.68    147.7
64.69    141.9
64.7     137.8
64.71    137.0
64.72    138.5
64.73    140.7
64.74    142.3
64.75    143.6
64.76    145.1
64.77    146.8
64.78    148.6
64.79    150.4
64.8     151.9
64.81    152.7
64.82    152.5
64.83    151.0
64.84    149.0
64.85    147.2
64.86    145.9
64.87    144.9
64.88    144.4
64.89    144.2
64.9     144.3
64.91    144.7
64.92    145.4
64.93    146.0
64.94    146.7
64.95    147.3
64.96    147.5
64.97    147.3
64.98    147.5
64.99    146.8
65.0     145.6
65.01    145.6
65.02    147.0
65.03    148.2
65.04    147.1
65.05    143.6
65.06    140.2
65.07    140.1
65.08    144.0
65.09    149.4
65.1     152.8
65.11    152.0
65.12    147.9
65.13    143.9
65.14    143.2
65.15    146.4
65.16    151.0
65.17    153.4
65.18    151.9
65.19    148.3
65.2     145.1
65.21    143.6
65.22    143.5
65.23    143.6
65.24    143.6
65.25    143.6
65.26    143.8
65.27    144.0
65.28    144.1
65.29    144.2
65.3     144.1
65.31    143.9
65.32    143.5
65.33    142.9
65.34    142.2
65.35    141.5
65.36    140.8
65.37    140.5
65.38    140.7
65.39    141.5
65.4     143.5
65.41    146.4
65.42    149.6
65.43    152.1
65.44    153.0
65.45    151.4
65.46    147.7
65.47    143.4
65.48    140.5
65.49    140.1
65.5     142.0
65.51    144.6
65.52    146.6
65.53    146.7
65.54    144.7
65.55    141.3
65.56    138.5
65.57    138.2
65.58    141.3
65.59    146.5
65.6     151.1
65.61    152.4
65.62    149.6
65.63    144.1
65.64    138.9
65.65    136.5
65.66    137.9
65.67    140.9
65.68    142.1
65.69    140.6
65.7     140.9
65.71    140.4
65.72    140.3
65.73    142.0
65.74    145.0
65.75    147.8
65.76    149.7
65.77    150.8
65.78    151.3
65.79    151.0
65.8     149.2
65.81    146.0
65.82    142.8
65.83    140.8
65.84    140.2
65.85    140.5
65.86    141.7
65.87    144.9
65.88    150.4
65.89    156.5
65.9     159.7
65.91    158.2
65.92    153.6
65.93    148.9
65.94    146.2
65.95    145.0
65.96    144.3
65.97    143.3
65.98    142.4
65.99    141.7
66.0     141.1
66.01    140.5
66.02    139.9
66.03    139.4
66.04    138.9
66.05    138.4
66.06    138.1
66.07    138.2
66.08    138.7
66.09    139.7
66.1     141.9
66.11    145.2
66.12    149.2
66.13    152.6
66.14    154.4
66.15    154.0
66.16    151.7
66.17    148.5
66.18    145.9
66.19    144.8
66.2     144.8
66.21    145.0
66.22    144.7
66.23    144.0
66.24    143.2
66.25    141.6
66.26    141.0
66.27    139.5
66.28    137.7
66.29    137.9
66.3     142.2
66.31    149.4
66.32    155.4
66.33    156.5
66.34    153.0
66.35    148.5
66.36    146.9
66.37    148.7
66.38    151.0
66.39    151.3
66.4     148.9
66.41    145.5
66.42    142.3
66.43    139.5
66.44    137.2
66.45    136.1
66.46    137.3
66.47    140.8
66.48    145.2
66.49    147.1
66.5     146.6
66.51    146.9
66.52    149.7
66.53    153.5
66.54    155.0
66.55    152.7
66.56    148.2
66.57    144.5
66.58    143.6
66.59    144.8
66.6     146.3
66.61    146.1
66.62    144.7
66.63    143.8
66.64    144.9
66.65    147.1
66.66    147.6
66.67    144.6
66.68    139.2
66.69    135.2
66.7     135.6
66.71    140.6
66.72    147.4
66.73    151.8
66.74    151.6
66.75    147.3
66.76    142.7
66.77    141.1
66.78    143.3
66.79    146.7
66.8     147.6
66.81    144.9
66.82    140.1
66.83    136.2
66.84    134.9
66.85    136.2
66.86    139.1
66.87    142.2
66.88    144.7
66.89    146.2
66.9     147.1
66.91    147.6
66.92    146.8
66.93    143.4
66.94    137.8
66.95    132.8
66.96    131.7
66.97    135.7
66.98    142.9
66.99    150.5
67.0     156.4
67.01    159.5
67.02    159.2
67.03    156.0
67.04    151.2
67.05    145.9
67.06    141.2
67.07    137.7
67.08    136.7
67.09    138.9
67.1     143.6
67.11    147.9
67.12    149.0
67.13    146.3
67.14    141.6
67.15    137.7
67.16    136.6
67.17    138.6
67.18    142.9
67.19    148.6
67.2     154.5
67.21    158.9
67.22    160.5
67.23    159.5
67.24    157.0
67.25    154.1
67.26    150.5
67.27    145.3
67.28    139.3
67.29    134.9
67.3     134.3
67.31    138.0
67.32    143.5
67.33    147.7
67.34    149.1
67.35    147.9
67.36    146.0
67.37    144.6
67.38    144.2
67.39    144.4
67.4     145.2
67.41    146.0
67.42    146.6
67.43    146.4
67.44    145.2
67.45    143.0
67.46    140.4
67.47    138.3
67.48    137.3
67.49    137.3
67.5     137.6
67.51    138.1
67.52    138.6
67.53    139.1
67.54    139.2
67.55    139.1
67.56    139.2
67.57    138.9
67.58    138.8
67.59    139.8
67.6     142.0
67.61    144.4
67.62    145.7
67.63    145.0
67.64    142.9
67.65    140.9
67.66    140.3
67.67    141.4
67.68    143.9
67.69    146.8
67.7     149.1
67.71    149.8
67.72    148.5
67.73    145.3
67.74    140.9
67.75    136.0
67.76    131.6
67.77    128.5
67.78    126.8
67.79    126.5
67.8     128.1
67.81    131.7
67.82    136.8
67.83    141.2
67.84    142.7
67.85    141.2
67.86    138.1
67.87    136.0
67.88    136.1
67.89    138.5
67.9     142.3
67.91    146.0
67.92    147.3
67.93    145.2
67.94    140.9
67.95    137.4
67.96    136.9
67.97    139.2
67.98    142.4
67.99    145.0
68.0     146.7
68.01    147.1
68.02    146.1
68.03    144.3
68.04    143.4
68.05    144.6
68.06    147.8
68.07    151.4
68.08    153.8
68.09    154.3
68.1     153.2
68.11    151.9
68.12    151.8
68.13    153.4
68.14    154.9
68.15    154.2
68.16    150.2
68.17    144.3
68.18    139.4
68.19    138.4
68.2     141.9
68.21    147.9
68.22    152.6
68.23    153.0
68.24    149.3
68.25    144.6
68.26    142.6
68.27    144.7
68.28    148.4
68.29    149.7
68.3     146.3
68.31    139.9
68.32    134.3
68.33    132.7
68.34    135.1
68.35    139.4
68.36    143.0
68.37    145.0
68.38    145.3
68.39    144.1
68.4     141.9
68.41    139.5
68.42    138.1
68.43    137.9
68.44    138.2
68.45    138.3
68.46    138.1
68.47    138.1
68.48    137.9
68.49    137.6
68.5     137.2
68.51    137.0
68.52    136.7
68.53    136.6
68.54    136.6
68.55    136.8
68.56    137.1
68.57    137.6
68.58    138.3
68.59    139.0
68.6     139.8
68.61    140.5
68.62    141.2
68.63    141.7
68.64    142.1
68.65    142.1
68.66    141.7
68.67    141.8
68.68    141.2
68.69    140.4
68.7     140.8
68.71    142.8
68.72    144.8
68.73    144.5
68.74    141.3
68.75    137.2
68.76    134.7
68.77    134.5
68.78    134.8
68.79    133.9
68.8     133.4
68.81    134.3
68.82    135.7
68.83    137.3
68.84    140.1
68.85    142.8
68.86    143.5
68.87    143.2
68.88    144.7
68.89    147.9
68.9     150.0
68.91    148.4
68.92    143.8
68.93    139.3
68.94    137.6
68.95    139.1
68.96    142.6
68.97    146.6
68.98    149.8
68.99    151.3
69.0     150.8
69.01    149.1
69.02    147.2
69.03    146.6
69.04    147.4
69.05    148.5
69.06    148.1
69.07    146.6
69.08    146.0
69.09    145.4
69.1     144.2
69.11    144.7
69.12    146.5
69.13    147.7
69.14    148.1
69.15    148.9
69.16    150.2
69.17    150.6
69.18    148.0
69.19    142.7
69.2     137.9
69.21    137.5
69.22    142.5
69.23    149.0
69.24    152.4
69.25    150.8
69.26    146.7
69.27    143.9
69.28    143.6
69.29    144.6
69.3     145.5
69.31    146.6
69.32    149.0
69.33    152.1
69.34    153.4
69.35    151.4
69.36    147.0
69.37    143.0
69.38    141.5
69.39    142.1
69.4     143.2
69.41    143.5
69.42    141.4
69.43    139.8
69.44    138.6
69.45    136.1
69.46    135.9
69.47    139.7
69.48    146.2
69.49    152.0
69.5     153.9
69.51    151.4
69.52    146.1
69.53    140.0
69.54    134.7
69.55    131.8
69.56    132.6
69.57    136.4
69.58    140.6
69.59    142.3
69.6     140.3
69.61    136.2
69.62    133.1
69.63    133.5
69.64    137.0
69.65    140.8
69.66    141.8
69.67    139.7
69.68    137.0
69.69    136.8
69.7     139.5
69.71    142.9
69.72    144.4
69.73    143.4
69.74    141.3
69.75    140.1
69.76    141.0
69.77    144.3
69.78    148.5
69.79    151.5
69.8     151.1
69.81    147.5
69.82    143.1
69.83    141.1
69.84    142.6
69.85    146.1
69.86    149.5
69.87    151.9
69.88    153.2
69.89    153.0
69.9     151.1
69.91    148.3
69.92    146.4
69.93    146.2
69.94    146.9
69.95    147.0
69.96    146.2
69.97    145.9
69.98    145.1
69.99    143.9
70.0     143.5
70.01    142.8
70.02    142.2
70.03    143.6
70.04    148.4
70.05    154.9
70.06    159.5
70.07    159.0
70.08    153.4
70.09    145.3
70.1     138.6
70.11    135.5
70.12    136.3
70.13    139.9
70.14    144.4
70.15    147.8
70.16    149.0
70.17    147.8
70.18    144.8
70.19    141.1
70.2     137.3
70.21    134.6
70.22    134.1
70.23    136.3
70.24    140.4
70.25    144.2
70.26    146.3
70.27    147.0
70.28    147.8
70.29    150.5
70.3     154.2
70.31    156.5
70.32    154.9
70.33    149.9
70.34    144.6
70.35    141.9
70.36    142.5
70.37    144.7
70.38    146.3
70.39    146.1
70.4     144.8
70.41    144.0
70.42    144.3
70.43    144.2
70.44    141.3
70.45    135.0
70.46    128.4
70.47    126.1
70.48    130.1
70.49    137.5
70.5     143.3
70.51    145.1
70.52    144.2
70.53    144.1
70.54    146.5
70.55    150.4
70.56    153.1
70.57    152.7
70.58    149.3
70.59    145.4
70.6     143.7
70.61    145.6
70.62    149.2
70.63    151.1
70.64    148.3
70.65    141.5
70.66    134.6
70.67    131.8
70.68    134.5
70.69    140.3
70.7     145.5
70.71    148.3
70.72    149.3
70.73    150.5
70.74    152.9
70.75    155.5
70.76    156.3
70.77    154.5
70.78    150.8
70.79    147.1
70.8     145.1
70.81    144.9
70.82    145.4
70.83    145.4
70.84    145.1
70.85    145.3
70.86    145.3
70.87    145.5
70.88    145.9
70.89    146.6
70.9     147.8
70.91    150.2
70.92    153.4
70.93    155.1
70.94    153.3
70.95    148.0
70.96    141.8
70.97    137.9
70.98    137.7
70.99    141.0
71.0     145.9
71.01    149.8
71.02    150.8
71.03    148.8
71.04    146.1
71.05    144.8
71.06    145.7
71.07    147.2
71.08    146.9
71.09    143.5
71.1     138.5
71.11    134.6
71.12    134.5
71.13    138.1
71.14    142.3
71.15    143.5
71.16    140.2
71.17    134.7
71.18    131.3
71.19    132.6
71.2     137.8
71.21    143.4
71.22    146.3
71.23    146.0
71.24    143.8
71.25    141.7
71.26    140.6
71.27    140.8
71.28    142.3
71.29    144.7
71.3     147.6
71.31    149.8
71.32    149.7
71.33    146.7
71.34    142.0
71.35    138.4
71.36    138.2
71.37    141.8
71.38    147.1
71.39    151.6
71.4     153.4
71.41    152.4
71.42    149.8
71.43    147.2
71.44    145.3
71.45    143.7
71.46    141.8
71.47    140.2
71.48    140.9
71.49    145.0
71.5     151.1
71.51    155.6
71.52    155.5
71.53    151.4
71.54    146.7
71.55    144.2
71.56    144.1
71.57    144.7
71.58    144.6
71.59    143.7
71.6     142.0
71.61    139.4
71.62    136.5
71.63    134.7
71.64    135.8
71.65    139.9
71.66    144.5
71.67    146.6
71.68    145.0
71.69    141.4
71.7     138.6
71.71    138.8
71.72    142.0
71.73    146.6
71.74    150.0
71.75    150.4
71.76    147.7
71.77    143.4
71.78    139.8
71.79    138.2
71.8     138.7
71.81    140.2
71.82    142.1
71.83    144.2
71.84    146.7
71.85    149.1
71.86    151.3
71.87    153.0
71.88    154.0
71.89    154.7
71.9     155.6
71.91    156.5
71.92    156.0
71.93    153.4
71.94    149.6
71.95    146.5
71.96    145.3
71.97    145.6
71.98    145.6
71.99    145.0
72.0     145.1
72.01    145.0
72.02    144.8
72.03    144.8
72.04    144.9
72.05    145.2
72.06    145.8
72.07    147.7
72.08    151.5
72.09    156.0
72.1     158.3
72.11    155.8
72.12    148.7
72.13    140.8
72.14    136.7
72.15    138.7
72.16    145.1
72.17    151.7
72.18    154.8
72.19    153.4
72.2     149.7
72.21    146.3
72.22    144.9
72.23    145.0
72.24    145.2
72.25    144.7
72.26    144.1
72.27    144.7
72.28    146.7
72.29    148.8
72.3     149.1
72.31    147.1
72.32    144.0
72.33    142.2
72.34    142.2
72.35    142.5
72.36    141.4
72.37    138.8
72.38    137.5
72.39    140.3
72.4     147.5
72.41    155.8
72.42    160.6
72.43    159.0
72.44    152.1
72.45    143.7
72.46    137.6
72.47    134.9
72.48    134.3
72.49    134.2
72.5     134.3
72.51    135.7
72.52    140.0
72.53    146.5
72.54    152.8
72.55    155.9
72.56    154.9
72.57    151.5
72.58    148.7
72.59    148.4
72.6     150.1
72.61    151.2
72.62    149.8
72.63    146.1
72.64    142.3
72.65    140.5
72.66    140.7
72.67    140.9
72.68    139.5
72.69    137.1
72.7     135.5
72.71    135.9
72.72    137.7
72.73    139.3
72.74    139.8
72.75    139.1
72.76    137.5
72.77    135.3
72.78    133.0
72.79    131.6
72.8     131.4
72.81    132.3
72.82    133.5
72.83    134.9
72.84    136.9
72.85    138.1
72.86    138.6
72.87    139.4
72.88    141.1
72.89    143.7
72.9     145.5
72.91    144.9
72.92    141.6
72.93    137.1
72.94    133.6
72.95    132.8
72.96    134.6
72.97    137.7
72.98    140.6
72.99    142.3
73.0     142.6
73.01    142.0
73.02    141.0
73.03    140.9
73.04    142.8
73.05    146.4
73.06    149.4
73.07    148.9
73.08    143.8
73.09    136.9
73.1     132.3
73.11    132.7
73.12    137.4
73.13    143.4
73.14    147.7
73.15    148.5
73.16    146.3
73.17    143.1
73.18    141.7
73.19    143.4
73.2     147.4
73.21    151.1
73.22    152.4
73.23    151.1
73.24    149.2
73.25    148.8
73.26    151.0
73.27    154.9
73.28    158.0
73.29    157.9
73.3     154.1
73.31    148.4
73.32    143.5
73.33    141.6
73.34    142.4
73.35    144.2
73.36    145.3
73.37    145.9
73.38    147.8
73.39    152.0
73.4     157.2
73.41    160.2
73.42    158.9
73.43    153.8
73.44    148.5
73.45    146.4
73.46    148.3
73.47    151.7
73.48    153.1
73.49    151.1
73.5     147.5
73.51    145.0
73.52    145.1
73.53    146.5
73.54    147.6
73.55    147.3
73.56    146.5
73.57    146.5
73.58    147.8
73.59    149.5
73.6     149.9
73.61    147.7
73.62    143.1
73.63    137.1
73.64    131.6
73.65    128.3
73.66    127.8
73.67    129.7
73.68    132.6
73.69    135.7
73.7     139.2
73.71    143.2
73.72    146.6
73.73    147.8
73.74    146.4
73.75    144.2
73.76    143.7
73.77    145.8
73.78    149.6
73.79    152.5
73.8     152.5
73.81    149.3
73.82    143.8
73.83    138.1
73.84    133.6
73.85    130.6
73.86    129.1
73.87    129.2
73.88    131.4
73.89    135.4
73.9     140.1
73.91    144.2
73.92    147.2
73.93    148.8
73.94    148.3
73.95    145.0
73.96    139.1
73.97    133.3
73.98    131.0
73.99    133.7
74.0     139.3
74.01    144.2
74.02    145.9
74.03    144.8
74.04    143.3
74.05    143.5
74.06    145.6
74.07    148.2
74.08    149.6
74.09    149.5
74.1     148.7
74.11    148.0
74.12    147.2
74.13    146.3
74.14    145.0
74.15    143.7
74.16    142.6
74.17    141.6
74.18    140.9
74.19    140.4
74.2     140.0
74.21    139.7
74.22    139.4
74.23    138.9
74.24    138.2
74.25    137.3
74.26    136.4
74.27    136.0
74.28    135.6
74.29    136.4
74.3     138.8
74.31    142.3
74.32    145.4
74.33    147.7
74.34    148.9
74.35    148.9
74.36    146.6
74.37    141.8
74.38    136.2
74.39    133.3
74.4     135.5
74.41    141.8
74.42    148.0
74.43    150.0
74.44    146.7
74.45    140.8
74.46    136.9
74.47    137.6
74.48    141.9
74.49    146.9
74.5     149.9
74.51    150.2
74.52    148.5
74.53    146.0
74.54    144.0
74.55    143.4
74.56    144.4
74.57    146.2
74.58    147.7
74.59    148.6
74.6     150.1
74.61    153.2
74.62    156.8
74.63    158.8
74.64    157.3
74.65    152.9
74.66    147.7
74.67    143.6
74.68    141.2
74.69    139.8
74.7     139.4
74.71    140.2
74.72    142.3
74.73    144.7
74.74    146.9
74.75    148.7
74.76    150.2
74.77    151.7
74.78    153.1
74.79    153.8
74.8     153.1
74.81    151.1
74.82    148.9
74.83    147.8
74.84    148.3
74.85    149.4
74.86    149.8
74.87    149.2
74.88    148.7
74.89    149.0
74.9     149.0
74.91    146.9
74.92    142.6
74.93    138.5
74.94    137.2
74.95    138.6
74.96    140.4
74.97    140.3
74.98    138.3
74.99    136.8
75.0     137.7
75.01    141.7
75.02    147.6
75.03    152.5
75.04    153.3
75.05    149.3
75.06    143.3
75.07    139.7
75.08    140.6
75.09    144.2
75.1     147.3
75.11    147.6
75.12    145.5
75.13    142.4
75.14    139.9
75.15    139.0
75.16    140.2
75.17    142.5
75.18    144.3
75.19    144.0
75.2     141.4
75.21    137.5
75.22    133.9
75.23    132.6
75.24    134.2
75.25    138.1
75.26    142.2
75.27    144.4
75.28    144.4
75.29    143.4
75.3     142.9
75.31    143.1
75.32    143.4
75.33    142.8
75.34    140.7
75.35    137.8
75.36    135.5
75.37    134.4
75.38    135.3
75.39    138.5
75.4     143.2
75.41    147.8
75.42    150.7
75.43    151.1
75.44    149.0
75.45    145.2
75.46    140.9
75.47    138.1
75.48    137.7
75.49    139.2
75.5     141.3
75.51    143.0
75.52    144.8
75.53    147.2
75.54    149.9
75.55    152.0
75.56    152.9
75.57    153.0
75.58    152.4
75.59    150.6
75.6     146.9
75.61    141.5
75.62    136.0
75.63    132.5
75.64    131.9
75.65    134.0
75.66    137.8
75.67    141.9
75.68    144.9
75.69    146.3
75.7     146.2
75.71    145.7
75.72    145.2
75.73    143.7
75.74    140.1
75.75    134.2
75.76    128.3
75.77    125.4
75.78    127.8
75.79    134.2
75.8     140.8
75.81    143.3
75.82    140.3
75.83    134.3
75.84    130.0
75.85    130.5
75.86    134.9
75.87    139.8
75.88    141.8
75.89    140.4
75.9     137.4
75.91    135.1
75.92    134.7
75.93    135.8
75.94    137.5
75.95    138.9
75.96    139.7
75.97    139.2
75.98    136.7
75.99    132.1
76.0     127.0
76.01    123.9
76.02    125.0
76.03    130.2
76.04    137.0
76.05    141.5
76.06    141.4
76.07    137.8
76.08    134.4
76.09    134.4
76.1     137.4
76.11    140.3
76.12    141.5
76.13    141.8
76.14    143.2
76.15    145.3
76.16    146.0
76.17    144.0
76.18    141.0
76.19    140.3
76.2     142.9
76.21    146.7
76.22    148.9
76.23    147.9
76.24    144.4
76.25    139.6
76.26    134.9
76.27    131.6
76.28    131.0
76.29    133.5
76.3     137.7
76.31    141.2
76.32    142.4
76.33    141.5
76.34    140.1
76.35    139.9
76.36    141.0
76.37    142.5
76.38    143.3
76.39    143.0
76.4     142.8
76.41    141.9
76.42    140.5
76.43    138.8
76.44    137.0
76.45    135.3
76.46    134.4
76.47    133.9
76.48    134.7
76.49    138.2
76.5     143.8
76.51    149.2
76.52    151.8
76.53    150.5
76.54    145.9
76.55    139.5
76.56    133.9
76.57    131.1
76.58    131.9
76.59    134.7
76.6     136.9
76.61    135.2
76.62    135.4
76.63    135.1
76.64    134.5
76.65    134.1
76.66    134.1
76.67    134.5
76.68    135.2
76.69    136.0
76.7     137.1
76.71    138.6
76.72    140.1
76.73    141.9
76.74    143.4
76.75    143.1
76.76    141.5
76.77    141.5
76.78    144.8
76.79    149.0
76.8     149.4
76.81    143.3
76.82    133.8
76.83    127.8
76.84    130.3
76.85    140.2
76.86    151.3
76.87    157.0
76.88    155.7
76.89    150.6
76.9     146.1
76.91    144.4
76.92    144.7
76.93    145.4
76.94    145.1
76.95    143.3
76.96    140.7
76.97    138.7
76.98    136.5
76.99    135.5
77.0     136.1
77.01    137.8
77.02    140.3
77.03    142.3
77.04    142.5
77.05    140.9
77.06    138.7
77.07    136.8
77.08    134.8
77.09    132.6
77.1     130.6
77.11    129.7
77.12    129.5
77.13    129.4
77.14    129.7
77.15    130.1
77.16    130.8
77.17    131.9
77.18    133.1
77.19    135.3
77.2     138.7
77.21    142.3
77.22    144.5
77.23    145.1
77.24    145.1
77.25    145.5
77.26    145.5
77.27    144.4
77.28    142.3
77.29    139.7
77.3     137.3
77.31    134.8
77.32    132.7
77.33    131.3
77.34    130.4
77.35    130.5
77.36    133.1
77.37    138.1
77.38    143.3
77.39    146.2
77.4     146.7
77.41    146.2
77.42    146.0
77.43    145.8
77.44    144.5
77.45    142.0
77.46    139.3
77.47    138.1
77.48    139.1
77.49    141.9
77.5     144.4
77.51    144.9
77.52    142.6
77.53    138.8
77.54    135.1
77.55    133.0
77.56    132.2
77.57    131.5
77.58    129.6
77.59    126.8
77.6     125.2
77.61    123.8
77.62    123.6
77.63    125.4
77.64    129.5
77.65    134.7
77.66    139.0
77.67    141.1
77.68    140.7
77.69    138.5
77.7     135.7
77.71    133.6
77.72    133.2
77.73    134.2
77.74    135.9
77.75    137.3
77.76    138.2
77.77    138.7
77.78    138.7
77.79    137.3
77.8     134.7
77.81    132.3
77.82    132.6
77.83    136.8
77.84    143.2
77.85    148.5
77.86    149.8
77.87    146.9
77.88    142.0
77.89    137.7
77.9     135.6
77.91    135.8
77.92    138.0
77.93    142.0
77.94    147.4
77.95    152.7
77.96    156.1
77.97    156.5
77.98    154.0
77.99    149.4
78.0     143.3
78.01    136.8
78.02    132.6
78.03    133.2
78.04    138.3
78.05    144.2
78.06    146.4
78.07    143.7
78.08    139.4
78.09    138.0
78.1     141.4
78.11    146.5
78.12    148.6
78.13    144.8
78.14    137.7
78.15    132.1
78.16    131.5
78.17    134.9
78.18    138.3
78.19    138.7
78.2     136.6
78.21    134.7
78.22    135.4
78.23    139.0
78.24    143.3
78.25    146.1
78.26    146.3
78.27    144.9
78.28    143.0
78.29    140.8
78.3     137.6
78.31    134.0
78.32    131.9
78.33    132.8
78.34    136.2
78.35    140.1
78.36    142.9
78.37    144.3
78.38    144.6
78.39    143.4
78.4     140.3
78.41    135.7
78.42    131.1
78.43    128.8
78.44    130.4
78.45    135.4
78.46    141.0
78.47    143.7
78.48    142.5
78.49    140.0
78.5     139.6
78.51    141.9
78.52    144.4
78.53    144.3
78.54    141.1
78.55    137.1
78.56    135.0
78.57    136.0
78.58    139.4
78.59    143.6
78.6     146.6
78.61    147.4
78.62    146.3
78.63    144.9
78.64    144.2
78.65    144.7
78.66    145.6
78.67    146.4
78.68    147.0
78.69    148.0
78.7     149.5
78.71    150.4
78.72    149.5
78.73    145.6
78.74    139.5
78.75    133.8
78.76    131.2
78.77    132.2
78.78    134.9
78.79    136.6
78.8     136.6
78.81    136.2
78.82    137.0
78.83    138.3
78.84    137.9
78.85    134.6
78.86    130.4
78.87    128.1
78.88    129.9
78.89    135.2
78.9     141.8
78.91    147.3
78.92    149.4
78.93    147.0
78.94    141.6
78.95    136.8
78.96    135.6
78.97    138.0
78.98    141.4
78.99    143.3
79.0     142.9
79.01    143.6
79.02    143.6
79.03    143.5
79.04    143.5
79.05    143.7
79.06    144.1
79.07    144.6
79.08    145.1
79.09    145.8
79.1     146.6
79.11    147.4
79.12    148.0
79.13    148.3
79.14    147.8
79.15    145.9
79.16    142.4
79.17    138.6
79.18    136.6
79.19    137.8
79.2     141.4
79.21    145.4
79.22    147.7
79.23    147.9
79.24    146.8
79.25    145.8
79.26    145.1
79.27    144.2
79.28    142.7
79.29    141.5
79.3     141.3
79.31    142.2
79.32    143.7
79.33    145.5
79.34    147.8
79.35    149.4
79.36    148.2
79.37    143.3
79.38    136.9
79.39    133.0
79.4     133.4
79.41    136.4
79.42    139.2
79.43    141.1
79.44    143.2
79.45    146.2
79.46    148.1
79.47    146.3
79.48    141.2
79.49    136.4
79.5     134.9
79.51    136.2
79.52    137.2
79.53    135.9
79.54    133.6
79.55    133.0
79.56    134.8
79.57    136.5
79.58    135.5
79.59    131.4
79.6     126.8
79.61    124.8
79.62    126.7
79.63    131.1
79.64    135.5
79.65    138.3
79.66    139.9
79.67    141.1
79.68    141.6
79.69    141.1
79.7     140.0
79.71    139.5
79.72    140.6
79.73    143.0
79.74    145.3
79.75    145.2
79.76    142.1
79.77    137.6
79.78    135.1
79.79    136.7
79.8     140.5
79.81    142.8
79.82    141.5
79.83    137.5
79.84    133.9
79.85    133.3
79.86    136.0
79.87    140.7
79.88    145.5
79.89    148.7
79.9     149.8
79.91    149.5
79.92    148.6
79.93    147.3
79.94    145.9
79.95    144.8
79.96    144.4
79.97    144.0
79.98    143.7
79.99    143.7
80.0     143.7
