- Full Chart
10.0     87.5
10.01    87.5
10.02    87.5
10.03    87.2
10.04    86.8
10.05    86.1
10.06    85.2
10.07    84.2
10.08    83.2
10.09    82.6
10.1     82.2
10.11    82.7
10.12    84.3
10.13    86.8
10.14    88.8
10.15    89.1
10.16    87.1
10.17    83.5
10.18    79.1
10.19    75.4
10.2     73.8
10.21    75.2
10.22    79.1
10.23    84.0
10.24    88.2
10.25    90.9
10.26    92.4
10.27    93.5
10.28    94.0
10.29    93.3
10.3     91.1
10.31    88.2
10.32    86.0
10.33    84.7
10.34    84.2
10.35    83.6
10.36    83.1
10.37    83.2
10.38    83.5
10.39    84.2
10.4     85.2
10.41    86.5
10.42    88.1
10.43    89.5
10.44    91.3
10.45    92.6
10.46    93.3
10.47    94.0
10.48    95.3
10.49    97.0
10.5     97.9
10.51    96.7
10.52    93.3
10.53    89.1
10.54    86.2
10.55    85.4
10.56    86.2
10.57    87.3
10.58    88.3
10.59    89.8
10.6     91.0
10.61    91.6
10.62    92.3
10.63    92.1
10.64    91.1
10.65    90.2
10.66    90.5
10.67    91.8
10.68    92.4
10.69    90.7
10.7     86.6
10.71    82.4
10.72    80.5
10.73    82.0
10.74    85.3
10.75    88.2
10.76    89.4
10.77    89.3
10.78    88.8
10.79    87.8
10.8     85.6
10.81    82.3
10.82    79.3
10.83    78.5
10.84    80.6
10.85    84.3
10.86    87.4
10.87    89.1
10.88    89.7
10.89    90.6
10.9     92.3
10.91    93.7
10.92    93.3
10.93    90.4
10.94    86.8
10.95    84.6
10.96    84.6
10.97    86.0
10.98    87.2
10.99    88.1
11.0     89.4
11.01    91.3
11.02    92.6
11.03    92.0
11.04    89.2
11.05    86.0
11.06    85.0
11.07    87.8
11.08    93.5
11.09    99.7
11.1     103.8
11.11    104.8
11.12    102.8
11.13    98.7
11.14    94.2
11.15    91.1
11.16    90.6
11.17    92.4
11.18    94.2
11.19    94.5
11.2     93.8
11.21    94.0
11.22    95.8
11.23    97.6
11.24    97.2
11.25    94.0
11.26    90.1
11.27    87.9
11.28    88.4
11.29    90.0
11.3     90.9
11.31    90.7
11.32    91.5
11.33    92.0
11.34    92.5
11.35    93.5
11.36    95.2
11.37    97.7
11.38    100.6
11.39    103.3
11.4     104.9
11.41    104.6
11.42    101.9
11.43    97.4
11.44    92.6
11.45    89.2
11.46    88.1
11.47    89.7
11.48    93.4
11.49    97.9
11.5     101.6
11.51    103.4
11.52    102.7
11.53    100.2
11.54    97.2
11.55    95.3
11.56    95.6
11.57    98.0
11.58    101.1
11.59    102.9
11.6     102.6
11.61    100.7
11.62    98.8
11.63    97.5
11.64    97.0
11.65    96.8
11.66    96.9
11.67    97.5
11.68    98.3
11.69    99.3
11.7     100.4
11.71    101.5
11.72    102.3
11.73    102.9
11.74    103.2
11.75    102.9
11.76    102.2
11.77    102.0
11.78    100.9
11.79    100.3
11.8     101.5
11.81    104.1
11.82    105.5
11.83    104.0
11.84    100.6
11.85    98.0
11.86    98.1
11.87    100.4
11.88    102.6
11.89    103.0
11.9     101.1
11.91    97.9
11.92    95.4
11.93    95.0
11.94    96.7
11.95    99.3
11.96    100.9
11.97    100.7
11.98    99.1
11.99    97.3
12.0     96.8
12.01    98.6
12.02    102.1
12.03    105.9
12.04    107.7
12.05    106.4
12.06    102.6
12.07    98.6
12.08    96.5
12.09    97.6
12.1     101.0
12.11    105.0
12.12    108.1
12.13    109.1
12.14    107.9
12.15    105.2
12.16    102.9
12.17    103.2
12.18    106.7
12.19    111.5
12.2     114.5
12.21    113.7
12.22    110.5
12.23    107.7
12.24    107.7
12.25    110.7
12.26    115.2
12.27    119.0
12.28    120.6
12.29    119.8
12.3     117.3
12.31    114.6
12.32    112.8
12.33    112.2
12.34    112.0
12.35    111.3
12.36    110.4
12.37    110.1
12.38    109.9
12.39    110.0
12.4     110.6
12.41    111.4
12.42    111.8
12.43    112.9
12.44    113.0
12.45    111.9
12.46    111.0
12.47    111.5
12.48    112.5
12.49    112.0
12.5     109.1
12.51    105.0
12.52    102.0
12.53    101.6
12.54    103.2
12.55    105.0
12.56    106.0
12.57    107.8
12.58    109.2
12.59    110.2
12.6     111.0
12.61    111.7
12.62    112.2
12.63    112.7
12.64    113.2
12.65    114.0
12.66    114.9
12.67    116.3
12.68    118.5
12.69    121.7
12.7     124.8
12.71    126.4
12.72    125.7
12.73    122.8
12.74    119.2
12.75    116.4
12.76    114.9
12.77    114.5
12.78    114.2
12.79    113.3
12.8     111.5
12.81    109.8
12.82    107.7
12.83    105.5
12.84    103.4
12.85    101.7
12.86    100.9
12.87    100.3
12.88    101.4
12.89    104.3
12.9     108.0
12.91    111.3
12.92    113.6
12.93    114.8
12.94    115.2
12.95    115.0
12.96    114.4
12.97    113.9
12.98    113.7
12.99    114.1
13.0     114.8
13.01    115.4
13.02    116.1
13.03    116.5
13.04    116.6
13.05    116.3
13.06    115.5
13.07    114.3
13.08    112.7
13.09    110.9
13.1     108.9
13.11    106.9
13.12    105.3
13.13    104.1
13.14    103.7
13.15    104.5
13.16    106.7
13.17    109.8
13.18    112.9
13.19    115.2
13.2     116.0
13.21    115.2
13.22    112.8
13.23    109.8
13.24    107.2
13.25    106.1
13.26    106.4
13.27    107.5
13.28    109.2
13.29    111.7
13.3     114.3
13.31    115.1
13.32    112.9
13.33    108.4
13.34    104.3
13.35    102.8
13.36    103.8
13.37    105.2
13.38    105.5
13.39    104.5
13.4     103.8
13.41    104.9
13.42    107.9
13.43    111.1
13.44    112.4
13.45    110.7
13.46    106.7
13.47    102.6
13.48    100.4
13.49    100.5
13.5     101.7
13.51    102.8
13.52    103.6
13.53    105.2
13.54    108.1
13.55    111.7
13.56    114.1
13.57    113.9
13.58    111.0
13.59    107.1
13.6     104.0
13.61    103.4
13.62    105.3
13.63    108.8
13.64    111.9
13.65    113.1
13.66    111.4
13.67    107.6
13.68    103.1
13.69    99.4
13.7     97.3
13.71    96.5
13.72    96.1
13.73    95.9
13.74    96.0
13.75    96.5
13.76    97.2
13.77    98.1
13.78    99.4
13.79    100.8
13.8     102.1
13.81    103.5
13.82    105.2
13.83    106.5
13.84    106.1
13.85    103.2
13.86    99.3
13.87    96.8
13.88    97.2
13.89    99.2
13.9     100.3
13.91    99.1
13.92    97.0
13.93    96.7
13.94    99.2
13.95    103.3
13.96    106.2
13.97    105.8
13.98    102.2
13.99    97.9
14.0     95.6
14.01    96.0
14.02    98.0
14.03    99.6
14.04    100.1
14.05    100.6
14.06    101.9
14.07    103.8
14.08    105.1
14.09    105.2
14.1     104.3
14.11    102.8
14.12    101.3
14.13    100.7
14.14    101.5
14.15    103.1
14.16    103.8
14.17    102.4
14.18    99.5
14.19    97.2
14.2     97.2
14.21    99.0
14.22    100.9
14.23    101.7
14.24    101.7
14.25    102.5
14.26    105.1
14.27    108.4
14.28    110.7
14.29    110.8
14.3     108.9
14.31    106.5
14.32    104.4
14.33    102.8
14.34    101.2
14.35    99.4
14.36    97.6
14.37    96.5
14.38    96.8
14.39    99.1
14.4     102.6
14.41    106.0
14.42    107.8
14.43    107.1
14.44    104.8
14.45    102.3
14.46    100.8
14.47    100.4
14.48    100.6
14.49    100.6
14.5     100.1
14.51    99.9
14.52    99.3
14.53    98.5
14.54    97.6
14.55    96.5
14.56    95.2
14.57    93.9
14.58    92.5
14.59    91.2
14.6     90.8
14.61    90.4
14.62    91.0
14.63    93.5
14.64    97.9
14.65    102.4
14.66    105.1
14.67    105.1
14.68    103.1
14.69    100.6
14.7     99.2
14.71    100.0
14.72    102.6
14.73    104.9
14.74    105.0
14.75    102.9
14.76    100.5
14.77    99.9
14.78    101.3
14.79    102.8
14.8     102.2
14.81    99.3
14.82    97.1
14.83    95.9
14.84    96.2
14.85    98.0
14.86    99.8
14.87    100.6
14.88    99.9
14.89    98.2
14.9     96.5
14.91    95.4
14.92    95.0
14.93    94.9
14.94    94.6
14.95    94.1
14.96    93.8
14.97    93.4
14.98    93.3
14.99    93.1
15.0     93.3
15.01    94.4
15.02    96.4
15.03    98.6
15.04    99.6
15.05    98.2
15.06    94.5
15.07    89.9
15.08    86.6
15.09    85.5
15.1     86.1
15.11    87.4
15.12    88.8
15.13    90.8
15.14    93.9
15.15    97.3
15.16    99.3
15.17    99.0
15.18    97.2
15.19    95.6
15.2     95.1
15.21    95.2
15.22    94.9
15.23    94.4
15.24    94.7
15.25    96.3
15.26    98.4
15.27    100.1
15.28    100.7
15.29    100.2
15.3     99.1
15.31    97.5
15.32    95.8
15.33    95.2
15.34    96.9
15.35    100.9
15.36    105.6
15.37    108.4
15.38    107.7
15.39    104.0
15.4     99.6
15.41    96.4
15.42    94.4
15.43    93.1
15.44    91.9
15.45    90.8
15.46    90.3
15.47    90.7
15.48    92.6
15.49    96.1
15.5     100.2
15.51    103.2
15.52    103.5
15.53    101.3
15.54    98.6
15.55    97.7
15.56    99.5
15.57    102.2
15.58    103.3
15.59    101.4
15.6     97.8
15.61    95.5
15.62    96.3
15.63    99.5
15.64    102.6
15.65    103.7
15.66    102.9
15.67    102.1
15.68    102.6
15.69    104.8
15.7     107.3
15.71    108.4
15.72    107.2
15.73    104.1
15.74    101.0
15.75    100.0
15.76    102.0
15.77    106.0
15.78    109.8
15.79    111.1
15.8     109.3
15.81    105.2
15.82    101.0
15.83    98.2
15.84    97.3
15.85    97.6
15.86    98.0
15.87    98.0
15.88    98.7
15.89    99.3
15.9     99.9
15.91    100.5
15.92    101.1
15.93    101.7
15.94    102.2
15.95    102.5
15.96    102.7
15.97    102.7
15.98    102.5
15.99    102.2
16.0     101.9
16.01    101.6
16.02    101.3
16.03    101.1
16.04    100.9
16.05    100.6
16.06    100.3
16.07    99.9
16.08    99.5
16.09    99.2
16.1     99.0
16.11    99.0
16.12    99.6
16.13    101.0
16.14    102.2
16.15    102.6
16.16    101.5
16.17    99.7
16.18    97.8
16.19    96.6
16.2     96.2
16.21    97.0
16.22    99.1
16.23    102.1
16.24    104.9
16.25    106.5
16.26    106.8
16.27    106.1
16.28    104.8
16.29    102.9
16.3     100.3
16.31    98.0
16.32    97.4
16.33    99.1
16.34    102.3
16.35    105.2
16.36    106.3
16.37    105.0
16.38    102.1
16.39    98.9
16.4     96.9
16.41    96.8
16.42    98.6
16.43    100.8
16.44    101.9
16.45    100.6
16.46    97.5
16.47    94.4
16.48    93.7
16.49    96.4
16.5     101.3
16.51    105.7
16.52    107.1
16.53    105.3
16.54    102.2
16.55    100.7
16.56    102.1
16.57    105.1
16.58    107.6
16.59    108.3
16.6     107.3
16.61    106.0
16.62    105.2
16.63    104.6
16.64    103.3
16.65    101.4
16.66    99.5
16.67    98.9
16.68    100.1
16.69    102.6
16.7     105.2
16.71    106.7
16.72    106.4
16.73    104.8
16.74    102.7
16.75    101.7
16.76    102.5
16.77    105.2
16.78    108.6
16.79    111.0
16.8     111.3
16.81    109.6
16.82    107.4
16.83    106.3
16.84    106.7
16.85    108.5
16.86    110.6
16.87    112.2
16.88    113.0
16.89    112.6
16.9     111.2
16.91    109.5
16.92    108.7
16.93    109.2
16.94    110.0
16.95    109.1
16.96    105.3
16.97    99.6
16.98    94.9
16.99    93.7
17.0     96.8
17.01    102.8
17.02    110.0
17.03    116.5
17.04    121.7
17.05    125.2
17.06    126.6
17.07    126.3
17.08    125.1
17.09    124.3
17.1     124.0
17.11    123.2
17.12    121.0
17.13    117.5
17.14    114.6
17.15    114.5
17.16    117.1
17.17    120.5
17.18    121.7
17.19    119.9
17.2     116.4
17.21    113.5
17.22    112.7
17.23    113.8
17.24    115.9
17.25    117.8
17.26    118.7
17.27    118.1
17.28    116.3
17.29    114.3
17.3     112.8
17.31    111.8
17.32    110.9
17.33    110.1
17.34    109.5
17.35    109.8
17.36    111.1
17.37    113.5
17.38    116.1
17.39    118.2
17.4     118.6
17.41    116.9
17.42    113.4
17.43    109.2
17.44    105.9
17.45    104.1
17.46    103.5
17.47    103.6
17.48    103.9
17.49    104.9
17.5     105.9
17.51    106.8
17.52    108.1
17.53    109.8
17.54    111.7
17.55    112.7
17.56    112.1
17.57    109.9
17.58    107.0
17.59    104.8
17.6     104.9
17.61    107.9
17.62    113.1
17.63    118.4
17.64    121.5
17.65    121.2
17.66    118.3
17.67    114.6
17.68    111.7
17.69    109.7
17.7     108.2
17.71    106.7
17.72    105.6
17.73    105.2
17.74    105.0
17.75    105.3
17.76    106.0
17.77    107.0
17.78    108.1
17.79    109.4
17.8     110.5
17.81    111.5
17.82    112.1
17.83    112.4
17.84    112.2
17.85    111.6
17.86    110.5
17.87    109.1
17.88    107.4
17.89    105.6
17.9     103.7
17.91    102.0
17.92    100.9
17.93    100.2
17.94    100.5
17.95    102.1
17.96    105.0
17.97    108.8
17.98    112.5
17.99    115.2
18.0     116.3
18.01    115.5
18.02    113.3
18.03    110.1
18.04    106.7
18.05    104.0
18.06    103.4
18.07    105.6
18.08    110.5
18.09    116.4
18.1     121.4
18.11    123.9
18.12    123.1
18.13    119.2
18.14    113.6
18.15    108.2
18.16    105.0
18.17    105.0
18.18    107.3
18.19    110.1
18.2     112.1
18.21    113.2
18.22    113.9
18.23    114.9
18.24    116.1
18.25    117.1
18.26    117.1
18.27    115.6
18.28    112.7
18.29    109.4
18.3     106.9
18.31    106.4
18.32    107.8
18.33    110.3
18.34    112.3
18.35    112.5
18.36    110.9
18.37    108.4
18.38    106.6
18.39    106.6
18.4     107.9
18.41    108.6
18.42    108.0
18.43    108.8
18.44    108.0
18.45    106.3
18.46    106.4
18.47    109.1
18.48    113.4
18.49    116.5
18.5     116.1
18.51    112.3
18.52    107.5
18.53    104.5
18.54    104.3
18.55    105.9
18.56    107.6
18.57    108.2
18.58    107.9
18.59    107.7
18.6     107.0
18.61    106.1
18.62    105.4
18.63    105.0
18.64    105.0
18.65    105.9
18.66    107.9
18.67    110.7
18.68    113.1
18.69    114.2
18.7     113.6
18.71    112.3
18.72    111.5
18.73    112.1
18.74    114.0
18.75    116.2
18.76    117.5
18.77    116.9
18.78    114.3
18.79    110.6
18.8     107.4
18.81    106.0
18.82    106.9
18.83    109.0
18.84    111.1
18.85    111.8
18.86    110.9
18.87    108.5
18.88    106.0
18.89    104.9
18.9     105.4
18.91    106.4
18.92    106.3
18.93    104.9
18.94    104.4
18.95    104.8
18.96    106.4
18.97    109.2
18.98    113.0
18.99    117.1
19.0     120.5
19.01    122.1
19.02    120.8
19.03    116.6
19.04    111.3
19.05    107.2
19.06    106.2
19.07    108.2
19.08    111.5
19.09    113.9
19.1     114.1
19.11    111.9
19.12    108.7
19.13    106.4
19.14    106.3
19.15    107.7
19.16    108.7
19.17    107.4
19.18    103.7
19.19    99.2
19.2     96.2
19.21    96.1
19.22    98.2
19.23    101.4
19.24    105.3
19.25    109.3
19.26    113.1
19.27    115.4
19.28    115.2
19.29    112.8
19.3     109.6
19.31    107.8
19.32    108.3
19.33    110.7
19.34    112.9
19.35    113.2
19.36    111.6
19.37    109.3
19.38    107.9
19.39    107.6
19.4     107.7
19.41    107.4
19.42    106.6
19.43    106.3
19.44    106.4
19.45    107.1
19.46    108.4
19.47    110.1
19.48    111.6
19.49    112.1
19.5     111.1
19.51    108.9
19.52    106.3
19.53    104.8
19.54    105.0
19.55    107.1
19.56    109.8
19.57    111.9
19.58    112.9
19.59    113.2
19.6     114.0
19.61    115.1
19.62    115.6
19.63    114.2
19.64    110.9
19.65    107.6
19.66    106.4
19.67    108.2
19.68    111.9
19.69    115.3
19.7     116.8
19.71    115.8
19.72    113.3
19.73    110.9
19.74    110.1
19.75    111.6
19.76    114.4
19.77    116.6
19.78    116.8
19.79    115.3
19.8     113.5
19.81    113.0
19.82    113.8
19.83    115.3
19.84    116.5
19.85    117.2
19.86    118.2
19.87    118.7
19.88    118.9
19.89    118.8
19.9     118.5
19.91    118.0
19.92    117.4
19.93    116.4
19.94    115.4
19.95    114.2
19.96    112.7
19.97    110.9
19.98    110.2
19.99    108.8
20.0     107.7
20.01    108.9
20.02    113.3
20.03    119.2
20.04    123.0
20.05    122.3
20.06    117.9
20.07    112.7
20.08    109.6
20.09    109.4
20.1     110.8
20.11    111.9
20.12    111.4
20.13    109.5
20.14    108.3
20.15    107.2
20.16    106.4
20.17    107.2
20.18    110.4
20.19    115.4
20.2     120.2
20.21    122.4
20.22    121.7
20.23    119.3
20.24    116.7
20.25    114.4
20.26    112.4
20.27    110.9
20.28    110.7
20.29    111.8
20.3     113.8
20.31    115.9
20.32    118.0
20.33    120.6
20.34    124.0
20.35    127.0
20.36    127.5
20.37    124.0
20.38    117.1
20.39    109.4
20.4     104.0
20.41    102.9
20.42    105.7
20.43    110.4
20.44    114.1
20.45    115.5
20.46    114.7
20.47    112.6
20.48    110.0
20.49    107.2
20.5     104.5
20.51    102.3
20.52    101.3
20.53    101.6
20.54    103.1
20.55    104.9
20.56    107.3
20.57    109.9
20.58    112.4
20.59    114.9
20.6     116.7
20.61    117.9
20.62    118.9
20.63    119.8
20.64    120.7
20.65    120.8
20.66    119.5
20.67    117.1
20.68    114.4
20.69    112.7
20.7     112.2
20.71    112.5
20.72    113.0
20.73    113.8
20.74    114.7
20.75    115.4
20.76    116.0
20.77    116.4
20.78    116.7
20.79    116.8
20.8     116.9
20.81    116.8
20.82    116.6
20.83    116.2
20.84    115.6
20.85    114.7
20.86    113.6
20.87    112.3
20.88    110.8
20.89    109.4
20.9     108.5
20.91    108.0
20.92    108.3
20.93    110.2
20.94    113.6
20.95    117.6
20.96    120.9
20.97    122.1
20.98    121.3
20.99    119.9
21.0     119.6
21.01    121.1
21.02    123.1
21.03    123.5
21.04    121.2
21.05    116.9
21.06    112.5
21.07    109.8
21.08    109.5
21.09    111.1
21.1     113.4
21.11    114.8
21.12    114.4
21.13    112.5
21.14    110.9
21.15    111.1
21.16    113.4
21.17    116.2
21.18    118.3
21.19    119.2
21.2     119.5
21.21    119.5
21.22    119.0
21.23    117.5
21.24    115.4
21.25    113.4
21.26    111.9
21.27    110.6
21.28    109.3
21.29    108.3
21.3     107.6
21.31    107.1
21.32    107.2
21.33    107.8
21.34    109.4
21.35    112.5
21.36    116.6
21.37    120.5
21.38    123.0
21.39    123.5
21.4     122.2
21.41    120.0
21.42    117.2
21.43    114.2
21.44    111.2
21.45    108.9
21.46    108.1
21.47    109.4
21.48    112.3
21.49    115.4
21.5     116.8
21.51    115.7
21.52    112.7
21.53    110.3
21.54    110.9
21.55    115.2
21.56    121.6
21.57    126.9
21.58    128.8
21.59    126.6
21.6     121.5
21.61    115.3
21.62    110.2
21.63    107.6
21.64    107.7
21.65    109.6
21.66    111.9
21.67    113.9
21.68    115.9
21.69    117.5
21.7     118.3
21.71    117.5
21.72    115.5
21.73    113.9
21.74    114.7
21.75    117.9
21.76    121.4
21.77    122.6
21.78    120.9
21.79    117.9
21.8     116.5
21.81    117.7
21.82    120.3
21.83    122.0
21.84    121.9
21.85    120.2
21.86    118.1
21.87    116.1
21.88    114.4
21.89    113.5
21.9     114.0
21.91    116.2
21.92    119.5
21.93    122.6
21.94    123.9
21.95    122.9
21.96    120.2
21.97    117.5
21.98    116.1
21.99    116.4
22.0     117.8
22.01    119.5
22.02    121.2
22.03    123.0
22.04    124.6
22.05    125.5
22.06    125.5
22.07    124.8
22.08    123.6
22.09    122.1
22.1     120.5
22.11    119.4
22.12    118.8
22.13    118.3
22.14    118.0
22.15    117.8
22.16    118.1
22.17    118.1
22.18    118.4
22.19    119.7
22.2     121.7
22.21    123.2
22.22    123.1
22.23    121.5
22.24    119.2
22.25    117.0
22.26    115.6
22.27    115.5
22.28    116.7
22.29    119.1
22.3     121.5
22.31    124.4
22.32    127.0
22.33    128.8
22.34    129.6
22.35    130.6
22.36    132.8
22.37    135.8
22.38    137.2
22.39    135.0
22.4     129.7
22.41    124.1
22.42    121.3
22.43    121.6
22.44    123.3
22.45    123.3
22.46    120.9
22.47    119.6
22.48    118.2
22.49    116.5
22.5     116.1
22.51    117.9
22.52    121.9
22.53    126.6
22.54    129.5
22.55    129.0
22.56    125.8
22.57    121.8
22.58    119.0
22.59    117.9
22.6     117.7
22.61    117.3
22.62    116.5
22.63    115.9
22.64    116.3
22.65    118.4
22.66    122.2
22.67    126.2
22.68    128.9
22.69    129.2
22.7     127.4
22.71    125.4
22.72    124.5
22.73    125.0
22.74    126.1
22.75    127.3
22.76    128.0
22.77    128.2
22.78    127.4
22.79    125.4
22.8     122.5
22.81    119.7
22.82    118.4
22.83    119.1
22.84    121.5
22.85    124.0
22.86    124.9
22.87    123.3
22.88    119.7
22.89    115.8
22.9     113.7
22.91    114.1
22.92    116.2
22.93    118.3
22.94    119.9
22.95    121.5
22.96    124.0
22.97    126.8
22.98    128.2
22.99    127.2
23.0     124.6
23.01    123.2
23.02    124.5
23.03    127.9
23.04    130.5
23.05    130.2
23.06    127.1
23.07    123.5
23.08    121.7
23.09    122.0
23.1     122.4
23.11    121.5
23.12    119.3
23.13    117.7
23.14    118.1
23.15    120.6
23.16    123.5
23.17    125.7
23.18    126.5
23.19    126.0
23.2     125.0
23.21    124.6
23.22    125.6
23.23    127.3
23.24    127.5
23.25    124.7
23.26    119.8
23.27    115.3
23.28    113.6
23.29    115.2
23.3     119.0
23.31    123.5
23.32    127.0
23.33    128.3
23.34    127.0
23.35    124.6
23.36    123.6
23.37    125.5
23.38    129.4
23.39    132.7
23.4     133.4
23.41    131.4
23.42    128.4
23.43    126.0
23.44    125.0
23.45    125.0
23.46    125.2
23.47    124.7
23.48    123.2
23.49    121.3
23.5     120.3
23.51    121.5
23.52    125.1
23.53    129.1
23.54    130.8
23.55    128.7
23.56    124.3
23.57    120.7
23.58    120.3
23.59    123.0
23.6     126.4
23.61    128.5
23.62    129.1
23.63    129.3
23.64    129.5
23.65    129.7
23.66    129.8
23.67    130.1
23.68    130.4
23.69    130.5
23.7     130.7
23.71    131.0
23.72    131.3
23.73    131.6
23.74    132.2
23.75    132.7
23.76    133.4
23.77    134.0
23.78    134.6
23.79    135.1
23.8     135.6
23.81    135.8
23.82    136.0
23.83    136.0
23.84    135.9
23.85    135.6
23.86    134.9
23.87    133.2
23.88    130.5
23.89    127.0
23.9     123.1
23.91    120.0
23.92    118.8
23.93    120.4
23.94    124.2
23.95    129.0
23.96    133.0
23.97    135.2
23.98    135.3
23.99    134.1
24.0     132.5
24.01    131.7
24.02    131.7
24.03    132.0
24.04    131.9
24.05    131.1
24.06    130.3
24.07    129.1
24.08    127.5
24.09    125.8
24.1     124.0
24.11    122.3
24.12    121.2
24.13    120.5
24.14    120.8
24.15    122.7
24.16    125.7
24.17    128.6
24.18    129.2
24.19    126.8
24.2     122.9
24.21    120.7
24.22    122.3
24.23    127.0
24.24    132.1
24.25    135.3
24.26    136.7
24.27    137.3
24.28    138.1
24.29    138.8
24.3     138.3
24.31    136.5
24.32    134.1
24.33    132.6
24.34    132.8
24.35    134.5
24.36    136.9
24.37    139.3
24.38    141.2
24.39    142.3
24.4     142.2
24.41    141.3
24.42    140.8
24.43    141.7
24.44    143.9
24.45    145.7
24.46    145.5
24.47    143.0
24.48    139.9
24.49    138.4
24.5     139.3
24.51    141.2
24.52    141.5
24.53    140.2
24.54    140.2
24.55    140.1
24.56    139.9
24.57    139.7
24.58    140.6
24.59    140.8
24.6     139.7
24.61    139.2
24.62    140.5
24.63    142.2
24.64    142.0
24.65    138.5
24.66    133.2
24.67    128.9
24.68    127.7
24.69    129.7
24.7     133.1
24.71    136.2
24.72    138.5
24.73    140.2
24.74    141.5
24.75    142.3
24.76    141.8
24.77    139.5
24.78    135.8
24.79    132.0
24.8     129.7
24.81    129.6
24.82    131.3
24.83    133.4
24.84    135.1
24.85    136.3
24.86    137.8
24.87    139.8
24.88    141.8
24.89    142.7
24.9     141.8
24.91    139.0
24.92    135.8
24.93    134.0
24.94    134.8
24.95    136.8
24.96    137.1
24.97    135.3
24.98    134.7
24.99    134.0
25.0     133.9
25.01    135.3
25.02    137.7
25.03    139.4
25.04    139.3
25.05    137.8
25.06    135.8
25.07    134.6
25.08    135.1
25.09    137.6
25.1     140.9
25.11    143.3
25.12    143.7
25.13    141.9
25.14    139.5
25.15    137.6
25.16    136.7
25.17    136.2
25.18    135.6
25.19    134.9
25.2     134.3
25.21    133.8
25.22    133.4
25.23    133.1
25.24    132.9
25.25    132.8
25.26    132.5
25.27    132.2
25.28    131.7
25.29    130.9
25.3     129.9
25.31    129.3
25.32    128.4
25.33    127.7
25.34    128.3
25.35    130.7
25.36    133.4
25.37    134.4
25.38    132.8
25.39    129.9
25.4     128.5
25.41    130.1
25.42    133.8
25.43    137.4
25.44    139.3
25.45    139.7
25.46    139.6
25.47    139.3
25.48    138.5
25.49    137.6
25.5     137.4
25.51    138.7
25.52    141.2
25.53    143.5
25.54    144.7
25.55    144.9
25.56    144.6
25.57    144.2
25.58    143.0
25.59    140.7
25.6     138.3
25.61    137.1
25.62    138.0
25.63    139.9
25.64    141.4
25.65    141.5
25.66    140.4
25.67    138.6
25.68    136.5
25.69    134.1
25.7     132.0
25.71    130.7
25.72    130.7
25.73    131.5
25.74    132.3
25.75    133.3
25.76    134.2
25.77    134.8
25.78    134.9
25.79    134.6
25.8     134.5
25.81    133.9
25.82    133.6
25.83    134.6
25.84    136.8
25.85    138.9
25.86    139.2
25.87    137.7
25.88    135.8
25.89    134.4
25.9     133.8
25.91    133.4
25.92    133.7
25.93    136.7
25.94    143.2
25.95    151.9
25.96    158.9
25.97    160.6
25.98    156.4
25.99    148.8
26.0     141.6
26.01    136.8
26.02    134.8
26.03    134.8
26.04    136.3
26.05    139.1
26.06    142.5
26.07    144.7
26.08    144.1
26.09    140.8
26.1     136.9
26.11    134.9
26.12    135.7
26.13    138.3
26.14    140.8
26.15    142.0
26.16    142.0
26.17    141.2
26.18    140.1
26.19    139.4
26.2     140.1
26.21    143.3
26.22    148.5
26.23    153.6
26.24    155.9
26.25    154.4
26.26    150.4
26.27    146.7
26.28    145.0
26.29    144.6
26.3     143.9
26.31    142.0
26.32    140.1
26.33    140.3
26.34    143.2
26.35    146.9
26.36    148.7
26.37    147.3
26.38    143.4
26.39    139.2
26.4     136.0
26.41    134.1
26.42    133.1
26.43    133.0
26.44    133.7
26.45    135.0
26.46    136.8
26.47    138.7
26.48    140.8
26.49    142.8
26.5     144.4
26.51    145.7
26.52    146.9
26.53    147.4
26.54    147.2
26.55    147.2
26.56    148.0
26.57    149.0
26.58    148.6
26.59    145.9
26.6     141.4
26.61    137.3
26.62    135.8
26.63    137.5
26.64    140.9
26.65    143.9
26.66    145.0
26.67    143.9
26.68    141.6
26.69    139.1
26.7     137.2
26.71    136.3
26.72    136.6
26.73    138.3
26.74    141.3
26.75    144.3
26.76    145.6
26.77    144.0
26.78    139.6
26.79    134.4
26.8     130.4
26.81    128.7
26.82    129.0
26.83    129.9
26.84    130.0
26.85    129.0
26.86    127.7
26.87    127.6
26.88    129.9
26.89    133.5
26.9     136.6
26.91    137.5
26.92    136.6
26.93    135.6
26.94    135.8
26.95    137.2
26.96    138.7
26.97    139.4
26.98    139.1
26.99    138.1
27.0     136.3
27.01    133.7
27.02    130.7
27.03    128.9
27.04    129.6
27.05    132.9
27.06    136.4
27.07    137.5
27.08    135.2
27.09    130.7
27.1     126.6
27.11    125.2
27.12    127.2
27.13    132.0
27.14    137.8
27.15    141.7
27.16    142.1
27.17    139.8
27.18    137.2
27.19    136.6
27.2     138.4
27.21    141.1
27.22    143.3
27.23    144.2
27.24    143.7
27.25    141.6
27.26    137.9
27.27    133.2
27.28    129.0
27.29    127.0
27.3     127.0
27.31    127.8
27.32    128.4
27.33    129.6
27.34    130.6
27.35    131.1
27.36    131.2
27.37    130.9
27.38    130.6
27.39    129.6
27.4     128.6
27.41    128.7
27.42    129.8
27.43    130.3
27.44    128.8
27.45    125.2
27.46    121.5
27.47    119.4
27.48    119.2
27.49    119.9
27.5     120.6
27.51    121.5
27.52    123.4
27.53    126.8
27.54    131.1
27.55    135.0
27.56    137.5
27.57    138.6
27.58    139.0
27.59    138.8
27.6     137.6
27.61    134.9
27.62    131.2
27.63    128.4
27.64    128.2
27.65    130.5
27.66    133.1
27.67    135.0
27.68    136.5
27.69    138.2
27.7     139.9
27.71    141.9
27.72    143.4
27.73    143.4
27.74    141.7
27.75    140.3
27.76    140.6
27.77    141.6
27.78    140.6
27.79    136.3
27.8     130.4
27.81    126.2
27.82    126.4
27.83    130.8
27.84    136.6
27.85    140.6
27.86    141.7
27.87    141.6
27.88    142.7
27.89    145.8
27.9     149.1
27.91    149.9
27.92    147.3
27.93    142.4
27.94    137.7
27.95    134.8
27.96    133.7
27.97    133.1
27.98    131.8
27.99    129.9
28.0     129.0
28.01    127.9
28.02    127.3
28.03    128.4
28.04    130.9
28.05    133.1
28.06    132.8
28.07    129.6
28.08    124.6
28.09    120.0
28.1     118.4
28.11    121.5
28.12    128.8
28.13    137.2
28.14    142.6
28.15    143.1
28.16    140.9
28.17    139.3
28.18    140.2
28.19    142.1
28.2     142.9
28.21    141.6
28.22    138.7
28.23    135.8
28.24    133.8
28.25    133.4
28.26    134.5
28.27    136.0
28.28    136.1
28.29    133.9
28.3     130.5
28.31    127.9
28.32    127.7
28.33    129.3
28.34    131.1
28.35    132.3
28.36    133.3
28.37    135.3
28.38    138.7
28.39    142.7
28.4     145.3
28.41    145.0
28.42    141.8
28.43    137.2
28.44    134.0
28.45    133.9
28.46    136.0
28.47    137.8
28.48    136.9
28.49    133.6
28.5     130.8
28.51    131.2
28.52    135.2
28.53    140.3
28.54    143.8
28.55    144.5
28.56    143.1
28.57    140.7
28.58    138.0
28.59    134.6
28.6     130.5
28.61    126.8
28.62    125.3
28.63    126.9
28.64    130.6
28.65    133.8
28.66    134.3
28.67    132.0
28.68    129.2
28.69    128.2
28.7     129.6
28.71    131.6
28.72    132.0
28.73    130.8
28.74    129.8
28.75    131.1
28.76    134.7
28.77    138.1
28.78    139.2
28.79    137.6
28.8     135.2
28.81    134.2
28.82    135.3
28.83    137.4
28.84    138.1
28.85    136.5
28.86    133.5
28.87    131.1
28.88    130.8
28.89    132.8
28.9     135.9
28.91    138.8
28.92    140.8
28.93    141.0
28.94    139.2
28.95    135.5
28.96    131.1
28.97    127.9
28.98    127.5
28.99    130.0
29.0     133.7
29.01    136.0
29.02    135.7
29.03    133.3
29.04    131.0
29.05    130.2
29.06    131.1
29.07    132.8
29.08    134.5
29.09    135.6
29.1     135.9
29.11    135.0
29.12    133.5
29.13    132.2
29.14    132.3
29.15    134.1
29.16    136.6
29.17    138.3
29.18    138.3
29.19    136.6
29.2     134.2
29.21    132.6
29.22    133.2
29.23    136.1
29.24    140.0
29.25    143.0
29.26    143.0
29.27    139.3
29.28    133.3
29.29    127.6
29.3     124.6
29.31    125.6
29.32    129.7
29.33    134.8
29.34    138.9
29.35    141.4
29.36    142.6
29.37    143.0
29.38    142.4
29.39    140.8
29.4     138.4
29.41    136.2
29.42    134.5
29.43    133.1
29.44    131.4
29.45    129.4
29.46    128.2
29.47    127.5
29.48    127.0
29.49    127.9
29.5     130.3
29.51    133.5
29.52    136.7
29.53    139.4
29.54    140.8
29.55    140.5
29.56    138.4
29.57    135.9
29.58    135.0
29.59    137.0
29.6     140.7
29.61    143.9
29.62    145.0
29.63    144.2
29.64    142.7
29.65    140.8
29.66    138.2
29.67    134.5
29.68    130.5
29.69    127.6
29.7     126.9
29.71    128.9
29.72    132.9
29.73    137.3
29.74    140.0
29.75    139.6
29.76    136.5
29.77    132.2
29.78    128.8
29.79    127.9
29.8     129.7
29.81    133.4
29.82    137.4
29.83    140.3
29.84    141.3
29.85    141.3
29.86    141.6
29.87    142.6
29.88    142.9
29.89    141.3
29.9     138.1
29.91    135.6
29.92    136.3
29.93    140.0
29.94    144.3
29.95    146.2
29.96    144.5
29.97    140.7
29.98    137.2
29.99    135.5
30.0     136.2
30.01    138.4
30.02    140.6
30.03    141.3
30.04    140.2
30.05    138.2
30.06    136.9
30.07    137.0
30.08    137.5
30.09    136.9
30.1     135.0
30.11    133.5
30.12    134.3
30.13    138.2
30.14    143.5
30.15    147.2
30.16    147.1
30.17    143.0
30.18    137.2
30.19    132.8
30.2     132.2
30.21    135.3
30.22    139.9
30.23    143.8
30.24    145.2
30.25    144.3
30.26    142.1
30.27    140.7
30.28    141.6
30.29    144.6
30.3     147.4
30.31    147.6
30.32    144.8
30.33    141.2
30.34    139.9
30.35    142.1
30.36    146.3
30.37    150.1
30.38    152.2
30.39    152.6
30.4     152.7
30.41    152.5
30.42    151.3
30.43    148.3
30.44    144.6
30.45    142.7
30.46    143.8
30.47    146.5
30.48    148.1
30.49    147.0
30.5     143.7
30.51    139.9
30.52    136.5
30.53    134.1
30.54    133.6
30.55    136.0
30.56    140.6
30.57    145.4
30.58    147.8
30.59    146.8
30.6     143.9
30.61    141.2
30.62    139.8
30.63    138.8
30.64    136.8
30.65    133.9
30.66    131.9
30.67    132.9
30.68    136.9
30.69    141.7
30.7     144.7
30.71    144.6
30.72    141.7
30.73    137.6
30.74    134.7
30.75    134.6
30.76    137.2
30.77    140.6
30.78    141.9
30.79    140.6
30.8     138.3
30.81    137.3
30.82    137.8
30.83    138.5
30.84    138.6
30.85    138.9
30.86    140.9
30.87    145.0
30.88    149.6
30.89    152.4
30.9     151.4
30.91    146.7
30.92    139.8
30.93    133.0
30.94    128.8
30.95    128.4
30.96    131.4
30.97    134.5
30.98    135.9
30.99    139.6
31.0     140.6
31.01    140.0
31.02    141.2
31.03    144.4
31.04    148.1
31.05    149.4
31.06    146.5
31.07    140.6
31.08    135.2
31.09    132.7
31.1     133.4
31.11    135.5
31.12    137.5
31.13    138.3
31.14    137.3
31.15    134.9
31.16    132.2
31.17    131.0
31.18    133.0
31.19    137.8
31.2     143.6
31.21    148.0
31.22    149.6
31.23    148.2
31.24    144.6
31.25    139.8
31.26    135.0
31.27    131.1
31.28    129.5
31.29    131.3
31.3     136.0
31.31    141.6
31.32    145.4
31.33    145.9
31.34    143.9
31.35    142.1
31.36    142.7
31.37    145.5
31.38    148.9
31.39    151.0
31.4     151.6
31.41    151.2
31.42    150.1
31.43    147.6
31.44    143.5
31.45    139.5
31.46    138.0
31.47    140.5
31.48    145.7
31.49    150.7
31.5     153.1
31.51    152.1
31.52    149.1
31.53    145.9
31.54    143.6
31.55    142.2
31.56    141.7
31.57    142.7
31.58    146.2
31.59    152.1
31.6     158.4
31.61    161.9
31.62    161.2
31.63    157.7
31.64    154.0
31.65    152.2
31.66    152.4
31.67    154.0
31.68    156.4
31.69    158.7
31.7     159.1
31.71    156.0
31.72    149.9
31.73    143.6
31.74    139.9
31.75    139.3
31.76    140.2
31.77    140.9
31.78    141.0
31.79    141.4
31.8     142.8
31.81    145.4
31.82    148.4
31.83    150.5
31.84    150.7
31.85    148.4
31.86    144.8
31.87    141.9
31.88    141.7
31.89    144.8
31.9     149.7
31.91    154.3
31.92    156.4
31.93    155.0
31.94    151.0
31.95    147.1
31.96    146.1
31.97    149.3
31.98    155.0
31.99    159.4
32.0     159.8
32.01    156.1
32.02    150.7
32.03    146.5
32.04    144.9
32.05    145.2
32.06    146.2
32.07    146.8
32.08    147.1
32.09    147.7
32.1     148.2
32.11    148.5
32.12    148.9
32.13    149.3
32.14    149.6
32.15    149.8
32.16    150.3
32.17    150.5
32.18    150.6
32.19    151.2
32.2     153.1
32.21    155.7
32.22    157.3
32.23    156.1
32.24    152.1
32.25    147.2
32.26    144.2
32.27    144.1
32.28    145.6
32.29    146.2
32.3     145.2
32.31    144.1
32.32    145.2
32.33    149.1
32.34    153.8
32.35    156.4
32.36    154.6
32.37    149.1
32.38    142.6
32.39    138.5
32.4     138.6
32.41    141.6
32.42    144.3
32.43    145.0
32.44    144.5
32.45    144.9
32.46    147.0
32.47    149.0
32.48    148.9
32.49    146.1
32.5     142.4
32.51    140.1
32.52    139.8
32.53    140.7
32.54    141.8
32.55    143.4
32.56    146.2
32.57    149.8
32.58    152.3
32.59    152.2
32.6     150.3
32.61    148.9
32.62    149.8
32.63    152.7
32.64    155.8
32.65    156.8
32.66    154.9
32.67    151.3
32.68    148.2
32.69    146.7
32.7     145.9
32.71    144.0
32.72    140.7
32.73    136.5
32.74    132.3
32.75    131.8
32.76    134.9
32.77    138.7
32.78    141.4
32.79    143.2
32.8     144.7
32.81    145.5
32.82    145.4
32.83    145.1
32.84    145.8
32.85    148.1
32.86    150.6
32.87    151.2
32.88    148.5
32.89    143.3
32.9     137.9
32.91    135.3
32.92    136.6
32.93    141.1
32.94    146.2
32.95    148.8
32.96    148.0
32.97    145.8
32.98    145.0
32.99    147.2
33.0     151.4
33.01    155.4
33.02    157.7
33.03    158.4
33.04    158.2
33.05    157.2
33.06    155.7
33.07    154.9
33.08    156.4
33.09    160.4
33.1     165.2
33.11    167.9
33.12    166.9
33.13    162.5
33.14    157.4
33.15    154.0
33.16    153.5
33.17    155.9
33.18    160.0
33.19    164.4
33.2     167.8
33.21    169.7
33.22    170.8
33.23    171.7
33.24    172.2
33.25    171.4
33.26    169.4
33.27    167.3
33.28    166.8
33.29    168.0
33.3     169.2
33.31    168.8
33.32    166.2
33.33    162.7
33.34    160.1
33.35    159.5
33.36    160.7
33.37    162.8
33.38    165.3
33.39    167.8
33.4     170.1
33.41    171.7
33.42    172.4
33.43    171.8
33.44    170.4
33.45    168.6
33.46    167.4
33.47    167.6
33.48    169.3
33.49    171.5
33.5     172.4
33.51    171.1
33.52    168.1
33.53    165.4
33.54    164.9
33.55    166.8
33.56    169.8
33.57    172.8
33.58    175.5
33.59    178.0
33.6     179.5
33.61    179.0
33.62    176.3
33.63    173.0
33.64    171.1
33.65    171.8
33.66    174.5
33.67    177.5
33.68    179.3
33.69    179.2
33.7     177.5
33.71    175.5
33.72    174.8
33.73    176.4
33.74    179.6
33.75    182.2
33.76    182.1
33.77    178.4
33.78    172.4
33.79    166.5
33.8     162.6
33.81    161.0
33.82    160.5
33.83    159.5
33.84    158.1
33.85    157.9
33.86    157.9
33.87    158.7
33.88    160.6
33.89    163.6
33.9     166.6
33.91    169.0
33.92    170.2
33.93    169.6
33.94    166.6
33.95    161.1
33.96    154.2
33.97    148.4
33.98    146.0
33.99    148.1
34.0     153.5
34.01    159.7
34.02    164.3
34.03    166.0
34.04    164.9
34.05    161.8
34.06    158.1
34.07    155.8
34.08    156.5
34.09    160.7
34.1     167.0
34.11    172.6
34.12    175.3
34.13    174.6
34.14    170.9
34.15    165.5
34.16    160.1
34.17    156.5
34.18    156.0
34.19    158.1
34.2     161.0
34.21    162.5
34.22    161.6
34.23    159.2
34.24    157.2
34.25    156.6
34.26    157.7
34.27    159.7
34.28    161.8
34.29    163.4
34.3     164.1
34.31    163.7
34.32    162.3
34.33    160.3
34.34    158.5
34.35    158.4
34.36    160.9
34.37    165.3
34.38    169.5
34.39    171.0
34.4     169.3
34.41    165.4
34.42    161.1
34.43    157.7
34.44    155.4
34.45    153.6
34.46    151.8
34.47    150.1
34.48    149.8
34.49    151.8
34.5     155.7
34.51    159.5
34.52    161.4
34.53    161.1
34.54    160.3
34.55    160.7
34.56    162.7
34.57    164.9
34.58    166.0
34.59    165.5
34.6     164.4
34.61    163.9
34.62    164.4
34.63    165.4
34.64    165.9
34.65    164.7
34.66    161.9
34.67    158.4
34.68    156.1
34.69    155.9
34.7     157.4
34.71    158.9
34.72    158.9
34.73    156.8
34.74    153.7
34.75    151.2
34.76    150.7
34.77    152.5
34.78    155.4
34.79    157.7
34.8     158.4
34.81    157.6
34.82    155.9
34.83    153.7
34.84    151.7
34.85    151.2
34.86    153.5
34.87    158.3
34.88    162.9
34.89    164.6
34.9     162.4
34.91    158.3
34.92    155.6
34.93    156.3
34.94    159.5
34.95    162.9
34.96    164.7
34.97    164.4
34.98    164.6
34.99    164.7
35.0     165.2
35.01    166.0
35.02    166.8
35.03    167.8
35.04    168.0
35.05    166.5
35.06    162.9
35.07    159.4
35.08    158.4
35.09    161.2
35.1     166.2
35.11    170.0
35.12    170.0
35.13    166.8
35.14    162.5
35.15    159.4
35.16    157.8
35.17    156.8
35.18    156.1
35.19    155.9
35.2     157.0
35.21    159.1
35.22    161.3
35.23    162.9
35.24    163.7
35.25    163.8
35.26    163.2
35.27    162.2
35.28    161.0
35.29    159.9
35.3     159.3
35.31    159.4
35.32    160.5
35.33    162.6
35.34    164.5
35.35    165.2
35.36    164.3
35.37    162.2
35.38    160.1
35.39    158.3
35.4     157.1
35.41    156.3
35.42    156.2
35.43    157.1
35.44    159.7
35.45    164.2
35.46    170.2
35.47    175.7
35.48    177.6
35.49    174.4
35.5     167.0
35.51    159.4
35.52    155.6
35.53    156.7
35.54    160.3
35.55    163.5
35.56    164.7
35.57    164.5
35.58    164.1
35.59    164.1
35.6     164.2
35.61    164.4
35.62    164.5
35.63    164.6
35.64    164.6
35.65    164.8
35.66    164.9
35.67    164.9
35.68    165.3
35.69    166.3
35.7     167.8
35.71    169.1
35.72    168.4
35.73    165.0
35.74    159.2
35.75    153.1
35.76    149.3
35.77    150.0
35.78    155.3
35.79    163.8
35.8     172.1
35.81    176.6
35.82    175.3
35.83    169.7
35.84    163.8
35.85    161.6
35.86    164.2
35.87    169.8
35.88    175.2
35.89    178.4
35.9     179.1
35.91    178.3
35.92    176.6
35.93    174.4
35.94    171.8
35.95    169.1
35.96    166.2
35.97    163.0
35.98    159.3
35.99    155.6
36.0     153.0
36.01    151.7
36.02    152.3
36.03    155.7
36.04    161.1
36.05    166.4
36.06    169.2
36.07    168.9
36.08    167.3
36.09    166.7
36.1     168.3
36.11    171.5
36.12    175.1
36.13    178.3
36.14    180.3
36.15    180.6
36.16    179.3
36.17    177.4
36.18    176.4
36.19    176.5
36.2     176.3
36.21    174.6
36.22    172.2
36.23    170.3
36.24    168.2
36.25    166.4
36.26    165.2
36.27    164.4
36.28    163.6
36.29    163.1
36.3     162.6
36.31    161.8
36.32    160.8
36.33    160.8
36.34    160.3
36.35    160.3
36.36    162.8
36.37    168.0
36.38    173.4
36.39    176.1
36.4     174.7
36.41    170.2
36.42    165.0
36.43    161.6
36.44    161.0
36.45    162.0
36.46    162.5
36.47    161.4
36.48    159.4
36.49    158.1
36.5     158.0
36.51    157.7
36.52    155.2
36.53    150.5
36.54    145.7
36.55    143.6
36.56    145.6
36.57    151.3
36.58    158.8
36.59    166.0
36.6     170.9
36.61    172.8
36.62    172.3
36.63    170.8
36.64    169.7
36.65    168.7
36.66    166.6
36.67    162.7
36.68    158.0
36.69    154.2
36.7     152.7
36.71    153.4
36.72    155.3
36.73    158.5
36.74    159.5
36.75    158.0
36.76    156.6
36.77    158.3
36.78    163.5
36.79    169.1
36.8     170.5
36.81    165.7
36.82    157.0
36.83    149.4
36.84    146.4
36.85    147.9
36.86    151.6
36.87    155.2
36.88    157.8
36.89    158.9
36.9     158.1
36.91    155.9
36.92    153.7
36.93    153.1
36.94    154.3
36.95    156.3
36.96    157.5
36.97    157.1
36.98    157.1
36.99    157.1
37.0     156.1
37.01    155.5
37.02    156.4
37.03    159.0
37.04    162.0
37.05    163.4
37.06    162.2
37.07    158.8
37.08    154.8
37.09    151.2
37.1     148.2
37.11    146.1
37.12    144.8
37.13    144.5
37.14    144.9
37.15    145.7
37.16    146.9
37.17    148.3
37.18    150.1
37.19    151.8
37.2     153.6
37.21    156.0
37.22    159.0
37.23    161.7
37.24    163.0
37.25    162.6
37.26    161.3
37.27    160.4
37.28    161.0
37.29    162.6
37.3     163.2
37.31    161.4
37.32    157.5
37.33    153.1
37.34    149.9
37.35    148.5
37.36    148.6
37.37    149.4
37.38    150.2
37.39    150.6
37.4     151.1
37.41    152.7
37.42    155.8
37.43    159.4
37.44    161.1
37.45    159.6
37.46    156.1
37.47    153.2
37.48    152.6
37.49    153.8
37.5     155.3
37.51    156.0
37.52    156.4
37.53    157.4
37.54    159.5
37.55    162.0
37.56    163.7
37.57    163.3
37.58    160.6
37.59    156.9
37.6     154.9
37.61    155.9
37.62    158.8
37.63    160.2
37.64    157.5
37.65    151.7
37.66    146.9
37.67    147.0
37.68    152.4
37.69    159.6
37.7     164.4
37.71    165.2
37.72    163.4
37.73    161.0
37.74    159.3
37.75    157.9
37.76    157.1
37.77    157.1
37.78    157.9
37.79    158.9
37.8     159.7
37.81    160.8
37.82    162.8
37.83    165.2
37.84    166.0
37.85    164.0
37.86    159.8
37.87    155.6
37.88    152.7
37.89    150.7
37.9     148.6
37.91    146.2
37.92    144.8
37.93    145.1
37.94    147.6
37.95    152.1
37.96    158.4
37.97    165.3
37.98    170.4
37.99    170.8
38.0     165.9
38.01    158.7
38.02    153.9
38.03    154.3
38.04    158.2
38.05    161.4
38.06    161.0
38.07    157.2
38.08    153.1
38.09    151.2
38.1     152.5
38.11    155.8
38.12    159.5
38.13    162.7
38.14    165.3
38.15    166.8
38.16    166.6
38.17    164.2
38.18    160.5
38.19    157.8
38.2     158.0
38.21    161.2
38.22    165.6
38.23    168.4
38.24    168.3
38.25    165.4
38.26    161.2
38.27    157.1
38.28    154.1
38.29    152.6
38.3     152.1
38.31    152.0
38.32    151.8
38.33    152.0
38.34    152.2
38.35    152.5
38.36    152.7
38.37    153.0
38.38    153.4
38.39    153.7
38.4     154.1
38.41    154.6
38.42    154.7
38.43    154.2
38.44    154.6
38.45    153.5
38.46    151.7
38.47    151.3
38.48    153.8
38.49    157.3
38.5     158.0
38.51    154.1
38.52    147.7
38.53    143.4
38.54    144.1
38.55    148.4
38.56    152.7
38.57    154.5
38.58    154.4
38.59    154.2
38.6     154.9
38.61    156.4
38.62    158.8
38.63    162.3
38.64    166.6
38.65    169.9
38.66    170.1
38.67    166.7
38.68    161.3
38.69    156.3
38.7     153.4
38.71    153.5
38.72    155.9
38.73    158.6
38.74    158.9
38.75    155.6
38.76    150.3
38.77    146.8
38.78    147.7
38.79    152.5
38.8     158.3
38.81    162.3
38.82    163.8
38.83    163.7
38.84    162.9
38.85    161.1
38.86    158.2
38.87    155.1
38.88    153.1
38.89    152.4
38.9     152.2
38.91    152.0
38.92    152.4
38.93    153.0
38.94    153.6
38.95    154.5
38.96    155.5
38.97    156.8
38.98    158.3
38.99    160.1
39.0     161.9
39.01    163.8
39.02    165.7
39.03    167.2
39.04    168.6
39.05    170.1
39.06    171.6
39.07    172.4
39.08    171.6
39.09    168.7
39.1     164.7
39.11    162.1
39.12    162.9
39.13    166.7
39.14    171.2
39.15    173.9
39.16    174.2
39.17    173.4
39.18    173.3
39.19    174.3
39.2     175.5
39.21    176.1
39.22    175.9
39.23    175.6
39.24    176.0
39.25    177.4
39.26    179.4
39.27    180.6
39.28    179.9
39.29    177.4
39.3     174.3
39.31    172.3
39.32    172.4
39.33    174.0
39.34    176.1
39.35    177.6
39.36    178.3
39.37    178.5
39.38    177.8
39.39    175.7
39.4     172.0
39.41    168.2
39.42    167.3
39.43    171.3
39.44    178.6
39.45    185.0
39.46    186.8
39.47    183.6
39.48    178.1
39.49    173.4
39.5     171.4
39.51    172.5
39.52    175.2
39.53    176.7
39.54    174.9
39.55    169.7
39.56    163.5
39.57    159.5
39.58    159.7
39.59    163.5
39.6     168.9
39.61    173.3
39.62    175.0
39.63    173.4
39.64    169.5
39.65    165.5
39.66    163.2
39.67    162.7
39.68    162.5
39.69    160.9
39.7     157.6
39.71    155.2
39.72    153.2
39.73    151.3
39.74    150.8
39.75    152.9
39.76    157.6
39.77    163.2
39.78    166.9
39.79    167.2
39.8     164.9
39.81    162.2
39.82    160.9
39.83    161.3
39.84    162.5
39.85    163.2
39.86    163.2
39.87    162.4
39.88    161.9
39.89    161.3
39.9     160.9
39.91    161.0
39.92    162.1
39.93    164.6
39.94    167.9
39.95    170.7
39.96    171.6
39.97    169.8
39.98    165.7
39.99    160.1
40.0     154.2
40.01    149.8
40.02    148.5
40.03    150.8
40.04    155.6
40.05    160.4
40.06    163.3
40.07    163.8
40.08    162.2
40.09    159.3
40.1     155.9
40.11    153.4
40.12    152.7
40.13    153.7
40.14    155.0
40.15    155.7
40.16    156.0
40.17    156.6
40.18    158.6
40.19    162.2
40.2     166.2
40.21    169.0
40.22    169.8
40.23    168.9
40.24    167.3
40.25    165.0
40.26    162.1
40.27    159.3
40.28    158.1
40.29    159.1
40.3     160.3
40.31    160.6
40.32    162.6
40.33    162.3
40.34    160.6
40.35    160.7
40.36    162.9
40.37    165.4
40.38    166.1
40.39    164.6
40.4     161.3
40.41    157.0
40.42    152.3
40.43    147.6
40.44    144.6
40.45    144.9
40.46    149.1
40.47    155.0
40.48    159.1
40.49    158.7
40.5     154.4
40.51    149.0
40.52    146.1
40.53    146.9
40.54    149.8
40.55    152.4
40.56    153.1
40.57    152.3
40.58    151.5
40.59    152.2
40.6     154.9
40.61    159.0
40.62    163.1
40.63    166.0
40.64    166.1
40.65    162.2
40.66    154.7
40.67    146.3
40.68    141.1
40.69    141.9
40.7     147.9
40.71    155.3
40.72    160.0
40.73    159.8
40.74    156.0
40.75    151.7
40.76    149.7
40.77    151.0
40.78    154.1
40.79    156.3
40.8     155.3
40.81    151.4
40.82    147.7
40.83    147.1
40.84    150.4
40.85    155.4
40.86    158.9
40.87    159.1
40.88    156.3
40.89    152.0
40.9     147.9
40.91    145.5
40.92    145.5
40.93    147.8
40.94    151.7
40.95    155.8
40.96    159.0
40.97    161.3
40.98    163.1
40.99    164.6
41.0     165.1
41.01    163.7
41.02    160.7
41.03    157.6
41.04    155.8
41.05    155.6
41.06    156.0
41.07    156.3
41.08    156.8
41.09    157.9
41.1     159.2
41.11    159.7
41.12    158.5
41.13    155.7
41.14    152.7
41.15    150.8
41.16    150.2
41.17    150.0
41.18    149.4
41.19    148.2
41.2     147.5
41.21    146.7
41.22    145.9
41.23    145.5
41.24    145.5
41.25    145.9
41.26    146.9
41.27    148.6
41.28    151.0
41.29    153.9
41.3     157.0
41.31    159.4
41.32    160.0
41.33    158.1
41.34    153.9
41.35    148.6
41.36    143.7
41.37    141.0
41.38    141.8
41.39    145.9
41.4     151.8
41.41    157.1
41.42    159.8
41.43    159.0
41.44    155.6
41.45    151.5
41.46    149.0
41.47    149.1
41.48    151.8
41.49    156.0
41.5     160.7
41.51    164.9
41.52    167.4
41.53    166.6
41.54    161.7
41.55    154.5
41.56    148.6
41.57    147.5
41.58    151.8
41.59    158.5
41.6     162.8
41.61    161.5
41.62    155.5
41.63    149.0
41.64    146.5
41.65    150.0
41.66    157.8
41.67    166.8
41.68    173.6
41.69    176.5
41.7     174.7
41.71    169.4
41.72    162.8
41.73    157.9
41.74    156.4
41.75    157.4
41.76    158.9
41.77    159.5
41.78    159.0
41.79    158.8
41.8     158.0
41.81    156.8
41.82    155.5
41.83    154.4
41.84    153.6
41.85    153.2
41.86    153.7
41.87    155.6
41.88    158.4
41.89    161.1
41.9     162.4
41.91    161.6
41.92    159.1
41.93    155.8
41.94    152.5
41.95    149.7
41.96    147.5
41.97    146.5
41.98    147.6
41.99    150.6
42.0     154.5
42.01    157.7
42.02    159.1
42.03    158.3
42.04    155.9
42.05    153.2
42.06    152.2
42.07    154.1
42.08    158.4
42.09    163.3
42.1     166.5
42.11    167.0
42.12    164.8
42.13    160.6
42.14    155.9
42.15    152.1
42.16    150.9
42.17    152.8
42.18    156.6
42.19    160.1
42.2     161.9
42.21    162.3
42.22    162.1
42.23    162.1
42.24    162.5
42.25    163.2
42.26    163.9
42.27    163.6
42.28    161.1
42.29    156.7
42.3     152.2
42.31    149.5
42.32    149.4
42.33    151.1
42.34    153.1
42.35    154.4
42.36    154.8
42.37    155.0
42.38    155.6
42.39    157.2
42.4     159.5
42.41    161.2
42.42    160.8
42.43    158.0
42.44    154.5
42.45    152.3
42.46    152.9
42.47    155.9
42.48    159.2
42.49    160.6
42.5     159.4
42.51    157.2
42.52    156.2
42.53    157.0
42.54    157.8
42.55    156.3
42.56    151.9
42.57    146.9
42.58    145.0
42.59    147.9
42.6     153.9
42.61    159.2
42.62    160.7
42.63    159.0
42.64    156.9
42.65    156.7
42.66    158.3
42.67    160.1
42.68    161.1
42.69    161.4
42.7     161.1
42.71    160.3
42.72    158.9
42.73    158.0
42.74    156.4
42.75    154.5
42.76    154.3
42.77    156.4
42.78    159.2
42.79    159.9
42.8     157.7
42.81    154.2
42.82    151.8
42.83    151.8
42.84    154.0
42.85    157.6
42.86    161.5
42.87    164.1
42.88    164.0
42.89    160.7
42.9     155.3
42.91    150.0
42.92    146.5
42.93    145.9
42.94    147.7
42.95    150.6
42.96    153.0
42.97    154.4
42.98    155.8
42.99    158.3
43.0     161.7
43.01    164.2
43.02    163.7
43.03    160.0
43.04    155.4
43.05    153.3
43.06    155.7
43.07    161.6
43.08    167.6
43.09    170.1
43.1     167.6
43.11    161.9
43.12    156.2
43.13    153.2
43.14    153.3
43.15    154.7
43.16    155.2
43.17    154.6
43.18    154.6
43.19    153.8
43.2     152.5
43.21    150.9
43.22    148.9
43.23    146.8
43.24    145.2
43.25    143.5
43.26    143.2
43.27    145.0
43.28    147.9
43.29    150.2
43.3     151.5
43.31    152.1
43.32    152.0
43.33    150.8
43.34    148.7
43.35    147.1
43.36    148.0
43.37    152.0
43.38    157.6
43.39    162.0
43.4     163.4
43.41    162.5
43.42    161.1
43.43    160.7
43.44    160.5
43.45    159.3
43.46    156.6
43.47    154.1
43.48    154.2
43.49    158.1
43.5     164.3
43.51    169.7
43.52    170.9
43.53    166.7
43.54    158.9
43.55    151.2
43.56    146.7
43.57    146.1
43.58    148.1
43.59    151.0
43.6     154.2
43.61    157.3
43.62    160.0
43.63    161.5
43.64    160.9
43.65    158.5
43.66    155.4
43.67    153.5
43.68    154.2
43.69    157.1
43.7     160.7
43.71    163.0
43.72    162.9
43.73    160.6
43.74    156.9
43.75    153.0
43.76    150.1
43.77    149.4
43.78    151.2
43.79    155.2
43.8     160.6
43.81    165.7
43.82    168.9
43.83    169.0
43.84    166.5
43.85    163.4
43.86    162.1
43.87    163.3
43.88    165.7
43.89    166.6
43.9     164.6
43.91    160.5
43.92    156.5
43.93    154.7
43.94    155.5
43.95    157.6
43.96    159.6
43.97    160.9
43.98    161.8
43.99    162.9
44.0     163.7
44.01    163.0
44.02    160.0
44.03    155.1
44.04    150.6
44.05    148.7
44.06    150.2
44.07    154.1
44.08    158.6
44.09    162.5
44.1     165.4
44.11    167.4
44.12    167.9
44.13    166.8
44.14    164.5
44.15    162.3
44.16    161.6
44.17    162.0
44.18    161.4
44.19    158.3
44.2     153.7
44.21    150.4
44.22    150.8
44.23    154.1
44.24    157.7
44.25    159.5
44.26    159.3
44.27    158.3
44.28    157.2
44.29    155.7
44.3     153.6
44.31    151.4
44.32    150.3
44.33    151.1
44.34    153.0
44.35    154.4
44.36    153.7
44.37    151.0
44.38    148.2
44.39    147.8
44.4     150.9
44.41    156.6
44.42    162.4
44.43    166.2
44.44    167.9
44.45    168.3
44.46    168.5
44.47    168.3
44.48    166.3
44.49    161.4
44.5     154.5
44.51    148.4
44.52    146.2
44.53    149.0
44.54    155.2
44.55    160.9
44.56    162.9
44.57    160.9
44.58    156.6
44.59    153.1
44.6     151.8
44.61    152.0
44.62    152.2
44.63    151.3
44.64    149.5
44.65    148.3
44.66    147.4
44.67    146.6
44.68    147.1
44.69    149.2
44.7     152.4
44.71    155.5
44.72    157.6
44.73    158.6
44.74    158.6
44.75    157.8
44.76    156.6
44.77    155.4
44.78    155.1
44.79    156.3
44.8     158.4
44.81    160.6
44.82    162.3
44.83    163.9
44.84    165.8
44.85    167.5
44.86    168.0
44.87    166.9
44.88    164.9
44.89    163.6
44.9     163.7
44.91    164.4
44.92    163.7
44.93    160.7
44.94    156.3
44.95    152.1
44.96    149.6
44.97    149.1
44.98    149.6
44.99    150.3
45.0     150.9
45.01    151.8
45.02    152.4
45.03    152.6
45.04    152.5
45.05    152.0
45.06    151.3
45.07    150.2
45.08    149.0
45.09    148.4
45.1     147.8
45.11    147.9
45.12    149.8
45.13    153.9
45.14    159.0
45.15    163.1
45.16    164.6
45.17    163.2
45.18    160.1
45.19    156.6
45.2     154.1
45.21    153.6
45.22    155.5
45.23    158.6
45.24    160.7
45.25    159.9
45.26    156.3
45.27    152.0
45.28    149.7
45.29    150.5
45.3     153.6
45.31    157.8
45.32    162.2
45.33    165.9
45.34    167.5
45.35    165.4
45.36    159.8
45.37    153.0
45.38    148.5
45.39    148.2
45.4     150.6
45.41    152.9
45.42    154.2
45.43    156.7
45.44    158.8
45.45    160.1
45.46    160.8
45.47    162.0
45.48    162.0
45.49    161.1
45.5     161.6
45.51    164.0
45.52    166.3
45.53    166.1
45.54    163.5
45.55    160.6
45.56    160.1
45.57    162.4
45.58    165.8
45.59    168.0
45.6     167.6
45.61    164.8
45.62    161.3
45.63    158.2
45.64    155.6
45.65    152.3
45.66    148.2
45.67    145.6
45.68    147.2
45.69    153.9
45.7     163.3
45.71    171.2
45.72    175.3
45.73    175.3
45.74    172.3
45.75    167.1
45.76    160.3
45.77    153.5
45.78    148.9
45.79    147.8
45.8     149.7
45.81    152.8
45.82    155.7
45.83    157.3
45.84    157.6
45.85    157.1
45.86    156.7
45.87    157.2
45.88    159.1
45.89    162.1
45.9     165.4
45.91    167.6
45.92    168.1
45.93    166.4
45.94    163.1
45.95    158.9
45.96    154.7
45.97    151.6
45.98    150.3
45.99    151.5
46.0     155.1
46.01    160.2
46.02    165.0
46.03    167.8
46.04    168.2
46.05    166.2
46.06    162.9
46.07    159.2
46.08    156.4
46.09    155.4
46.1     155.8
46.11    156.2
46.12    155.2
46.13    153.5
46.14    153.0
46.15    154.9
46.16    158.4
46.17    161.3
46.18    161.7
46.19    159.7
46.2     157.3
46.21    156.9
46.22    159.5
46.23    163.6
46.24    166.5
46.25    166.1
46.26    162.8
46.27    158.7
46.28    155.9
46.29    154.9
46.3     154.8
46.31    154.2
46.32    152.9
46.33    152.0
46.34    152.9
46.35    156.4
46.36    161.8
46.37    167.8
46.38    173.0
46.39    175.8
46.4     175.2
46.41    171.2
46.42    165.3
46.43    160.0
46.44    157.3
46.45    157.3
46.46    158.6
46.47    159.5
46.48    159.6
46.49    160.3
46.5     160.4
46.51    160.1
46.52    160.3
46.53    160.1
46.54    160.0
46.55    161.3
46.56    164.4
46.57    168.0
46.58    169.9
46.59    168.8
46.6     165.1
46.61    161.0
46.62    158.9
46.63    160.5
46.64    165.2
46.65    170.2
46.66    172.2
46.67    169.7
46.68    164.7
46.69    161.2
46.7     161.3
46.71    164.1
46.72    166.4
46.73    166.5
46.74    164.8
46.75    162.4
46.76    159.3
46.77    155.2
46.78    151.1
46.79    149.5
46.8     152.9
46.81    160.4
46.82    168.1
46.83    171.5
46.84    169.5
46.85    164.4
46.86    159.8
46.87    157.4
46.88    156.7
46.89    156.2
46.9     155.2
46.91    154.5
46.92    154.3
46.93    154.3
46.94    154.8
46.95    155.6
46.96    157.0
46.97    158.7
46.98    160.7
46.99    163.2
47.0     166.2
47.01    168.1
47.02    167.5
47.03    164.6
47.04    161.6
47.05    161.1
47.06    163.2
47.07    165.5
47.08    165.7
47.09    163.5
47.1     160.8
47.11    159.1
47.12    158.6
47.13    158.4
47.14    158.6
47.15    159.3
47.16    160.2
47.17    160.9
47.18    161.1
47.19    162.2
47.2     161.9
47.21    160.7
47.22    161.3
47.23    164.2
47.24    167.5
47.25    168.1
47.26    165.1
47.27    160.5
47.28    157.1
47.29    156.1
47.3     156.7
47.31    157.6
47.32    158.4
47.33    159.3
47.34    159.9
47.35    159.1
47.36    156.3
47.37    152.3
47.38    149.3
47.39    148.9
47.4     151.2
47.41    154.7
47.42    158.0
47.43    159.8
47.44    160.3
47.45    160.0
47.46    159.6
47.47    159.6
47.48    160.2
47.49    161.1
47.5     161.4
47.51    160.8
47.52    160.0
47.53    160.2
47.54    162.0
47.55    164.0
47.56    163.9
47.57    160.3
47.58    154.1
47.59    148.4
47.6     145.9
47.61    147.0
47.62    150.2
47.63    154.2
47.64    158.1
47.65    161.5
47.66    163.7
47.67    164.1
47.68    163.1
47.69    162.0
47.7     162.0
47.71    162.7
47.72    162.5
47.73    159.9
47.74    154.7
47.75    148.8
47.76    145.3
47.77    146.4
47.78    151.4
47.79    157.4
47.8     161.1
47.81    161.4
47.82    158.9
47.83    155.0
47.84    151.5
47.85    149.3
47.86    148.8
47.87    149.3
47.88    149.8
47.89    150.0
47.9     151.1
47.91    151.2
47.92    150.6
47.93    150.5
47.94    152.3
47.95    155.6
47.96    158.2
47.97    157.6
47.98    154.0
47.99    149.9
48.0     148.3
48.01    150.0
48.02    153.4
48.03    156.1
48.04    157.2
48.05    157.0
48.06    156.5
48.07    155.9
48.08    155.0
48.09    153.9
48.1     153.8
48.11    155.1
48.12    157.6
48.13    159.7
48.14    160.2
48.15    159.3
48.16    157.9
48.17    156.8
48.18    155.7
48.19    154.7
48.2     154.4
48.21    155.6
48.22    158.2
48.23    160.6
48.24    161.0
48.25    159.3
48.26    156.8
48.27    155.8
48.28    157.4
48.29    160.9
48.3     164.1
48.31    165.1
48.32    163.4
48.33    160.2
48.34    157.3
48.35    155.6
48.36    154.8
48.37    153.9
48.38    152.4
48.39    150.6
48.4     149.2
48.41    147.8
48.42    146.9
48.43    146.3
48.44    146.2
48.45    146.6
48.46    147.2
48.47    148.2
48.48    149.4
48.49    150.7
48.5     151.6
48.51    152.9
48.52    153.5
48.53    152.6
48.54    151.3
48.55    152.6
48.56    156.9
48.57    160.7
48.58    160.4
48.59    155.9
48.6     150.9
48.61    149.6
48.62    153.2
48.63    159.2
48.64    163.8
48.65    164.4
48.66    162.2
48.67    160.0
48.68    160.2
48.69    161.8
48.7     162.5
48.71    160.9
48.72    158.9
48.73    159.3
48.74    163.4
48.75    168.2
48.76    169.5
48.77    165.6
48.78    158.8
48.79    153.6
48.8     152.3
48.81    153.5
48.82    154.2
48.83    153.4
48.84    152.6
48.85    153.8
48.86    156.9
48.87    159.5
48.88    159.8
48.89    157.6
48.9     154.5
48.91    152.0
48.92    151.0
48.93    151.2
48.94    152.1
48.95    152.8
48.96    152.7
48.97    153.0
48.98    152.9
48.99    152.6
49.0     152.4
49.01    152.7
49.02    153.1
49.03    154.4
49.04    157.4
49.05    161.6
49.06    165.2
49.07    167.1
49.08    167.4
49.09    167.4
49.1     167.5
49.11    167.1
49.12    165.2
49.13    162.4
49.14    160.8
49.15    162.0
49.16    165.0
49.17    166.8
49.18    165.4
49.19    161.5
49.2     157.8
49.21    156.5
49.22    157.2
49.23    158.2
49.24    158.4
49.25    157.2
49.26    154.6
49.27    150.8
49.28    146.3
49.29    142.8
49.3     142.4
49.31    146.1
49.32    152.5
49.33    158.1
49.34    160.8
49.35    160.4
49.36    159.3
49.37    159.1
49.38    159.9
49.39    160.5
49.4     160.4
49.41    159.8
49.42    159.4
49.43    159.0
49.44    158.8
49.45    159.2
49.46    160.2
49.47    161.8
49.48    164.4
49.49    168.2
49.5     172.0
49.51    173.7
49.52    171.6
49.53    165.5
49.54    157.3
49.55    150.1
49.56    146.2
49.57    146.2
49.58    148.6
49.59    151.0
49.6     151.6
49.61    150.9
49.62    150.9
49.63    153.6
49.64    158.7
49.65    163.8
49.66    166.3
49.67    165.7
49.68    163.8
49.69    163.1
49.7     164.4
49.71    166.3
49.72    167.0
49.73    165.1
49.74    160.8
49.75    156.1
49.76    153.5
49.77    154.0
49.78    156.5
49.79    159.1
49.8     160.4
49.81    160.7
49.82    161.0
49.83    162.3
49.84    164.0
49.85    164.4
49.86    161.6
49.87    155.8
49.88    149.4
49.89    146.1
49.9     148.0
49.91    154.3
49.92    161.9
49.93    167.4
49.94    168.7
49.95    165.7
49.96    160.8
49.97    157.0
49.98    156.9
49.99    160.6
50.0     165.6
50.01    168.5
50.02    167.9
50.03    164.8
50.04    161.5
50.05    158.7
50.06    155.7
50.07    152.2
50.08    149.8
50.09    150.4
50.1     154.1
50.11    158.7
50.12    161.6
50.13    162.2
50.14    161.9
50.15    162.0
50.16    162.6
50.17    163.0
50.18    163.0
50.19    163.3
50.2     164.8
50.21    167.1
50.22    168.4
50.23    167.2
50.24    163.6
50.25    159.2
50.26    155.9
50.27    154.1
50.28    153.3
50.29    152.8
50.3     152.6
50.31    152.8
50.32    153.9
50.33    155.7
50.34    158.1
50.35    160.8
50.36    163.6
50.37    165.7
50.38    166.1
50.39    164.6
50.4     162.3
50.41    161.0
50.42    161.8
50.43    164.2
50.44    166.4
50.45    167.5
50.46    167.6
50.47    167.2
50.48    166.4
50.49    165.5
50.5     165.6
50.51    167.4
50.52    170.4
50.53    172.6
50.54    172.1
50.55    168.7
50.56    163.6
50.57    158.7
50.58    155.6
50.59    154.8
50.6     155.9
50.61    157.4
50.62    158.8
50.63    160.6
50.64    162.0
50.65    163.7
50.66    164.3
50.67    164.3
50.68    164.9
50.69    167.2
50.7     170.7
50.71    173.6
50.72    174.1
50.73    171.4
50.74    165.3
50.75    157.4
50.76    150.3
50.77    147.3
50.78    149.7
50.79    155.2
50.8     159.2
50.81    158.5
50.82    154.1
50.83    149.9
50.84    149.8
50.85    154.3
50.86    160.4
50.87    164.2
50.88    164.0
50.89    160.9
50.9     157.6
50.91    156.1
50.92    156.3
50.93    156.8
50.94    156.9
50.95    157.2
50.96    158.9
50.97    162.4
50.98    166.9
50.99    170.8
51.0     172.7
51.01    171.8
51.02    168.8
51.03    164.4
51.04    159.4
51.05    154.5
51.06    150.7
51.07    149.8
51.08    152.7
51.09    158.3
51.1     163.9
51.11    167.4
51.12    168.4
51.13    167.8
51.14    166.5
51.15    164.5
51.16    161.4
51.17    157.5
51.18    154.1
51.19    152.6
51.2     153.7
51.21    156.9
51.22    160.3
51.23    162.4
51.24    162.7
51.25    161.8
51.26    160.5
51.27    159.3
51.28    157.8
51.29    155.7
51.3     153.4
51.31    152.3
51.32    153.5
51.33    156.7
51.34    159.8
51.35    161.1
51.36    160.4
51.37    158.8
51.38    157.8
51.39    158.0
51.4     158.7
51.41    159.4
51.42    159.5
51.43    159.2
51.44    158.9
51.45    158.3
51.46    157.5
51.47    156.4
51.48    155.8
51.49    155.0
51.5     154.1
51.51    154.4
51.52    156.4
51.53    159.3
51.54    160.9
51.55    159.4
51.56    155.8
51.57    153.2
51.58    154.2
51.59    158.2
51.6     161.6
51.61    161.6
51.62    158.1
51.63    153.4
51.64    149.8
51.65    148.1
51.66    148.5
51.67    151.1
51.68    155.7
51.69    160.9
51.7     164.9
51.71    166.6
51.72    166.2
51.73    164.7
51.74    162.9
51.75    160.7
51.76    158.4
51.77    156.3
51.78    155.0
51.79    154.8
51.8     155.8
51.81    157.9
51.82    161.0
51.83    165.0
51.84    169.3
51.85    172.3
51.86    172.6
51.87    169.9
51.88    165.4
51.89    161.5
51.9     159.4
51.91    159.0
51.92    159.0
51.93    158.5
51.94    157.5
51.95    156.9
51.96    156.3
51.97    155.8
51.98    155.6
51.99    156.0
52.0     157.1
52.01    158.8
52.02    160.6
52.03    161.9
52.04    162.3
52.05    161.5
52.06    159.8
52.07    158.3
52.08    158.1
52.09    160.0
52.1     163.4
52.11    166.8
52.12    169.1
52.13    170.2
52.14    170.4
52.15    169.6
52.16    167.5
52.17    164.1
52.18    160.7
52.19    158.4
52.2     157.3
52.21    156.6
52.22    155.7
52.23    155.5
52.24    155.6
52.25    156.2
52.26    157.2
52.27    158.9
52.28    161.9
52.29    166.0
52.3     169.6
52.31    171.7
52.32    171.9
52.33    170.9
52.34    169.8
52.35    169.0
52.36    168.4
52.37    167.5
52.38    165.7
52.39    163.1
52.4     160.4
52.41    158.4
52.42    156.5
52.43    155.5
52.44    156.5
52.45    160.7
52.46    167.5
52.47    174.2
52.48    177.4
52.49    175.3
52.5     168.9
52.51    161.7
52.52    157.2
52.53    157.2
52.54    160.6
52.55    164.3
52.56    165.3
52.57    162.6
52.58    157.9
52.59    154.5
52.6     154.7
52.61    157.9
52.62    161.7
52.63    163.2
52.64    162.0
52.65    160.3
52.66    160.4
52.67    162.5
52.68    165.2
52.69    167.1
52.7     167.8
52.71    167.0
52.72    164.5
52.73    160.5
52.74    156.5
52.75    154.6
52.76    155.0
52.77    156.5
52.78    157.9
52.79    160.0
52.8     161.8
52.81    164.0
52.82    165.2
52.83    165.9
52.84    167.2
52.85    169.5
52.86    171.6
52.87    172.0
52.88    170.3
52.89    167.8
52.9     166.8
52.91    168.8
52.92    172.5
52.93    175.3
52.94    175.0
52.95    171.7
52.96    168.0
52.97    166.7
52.98    168.4
52.99    171.2
53.0     171.7
53.01    167.4
53.02    159.3
53.03    150.9
53.04    146.4
53.05    147.8
53.06    153.9
53.07    161.6
53.08    168.0
53.09    171.7
53.1     172.4
53.11    170.6
53.12    168.1
53.13    167.1
53.14    169.0
53.15    173.3
53.16    177.5
53.17    178.5
53.18    175.1
53.19    168.7
53.2     162.9
53.21    161.7
53.22    166.6
53.23    175.4
53.24    182.9
53.25    184.4
53.26    179.0
53.27    170.5
53.28    164.5
53.29    164.7
53.3     170.0
53.31    176.1
53.32    178.7
53.33    176.4
53.34    170.9
53.35    165.1
53.36    161.3
53.37    160.2
53.38    162.0
53.39    166.4
53.4     172.3
53.41    177.1
53.42    178.2
53.43    175.0
53.44    170.0
53.45    167.2
53.46    168.4
53.47    171.8
53.48    173.9
53.49    172.4
53.5     167.7
53.51    162.4
53.52    159.4
53.53    160.5
53.54    165.4
53.55    171.1
53.56    174.3
53.57    173.5
53.58    170.5
53.59    168.2
53.6     168.0
53.61    169.2
53.62    170.2
53.63    170.5
53.64    170.3
53.65    170.3
53.66    170.1
53.67    169.8
53.68    169.5
53.69    169.6
53.7     169.6
53.71    169.8
53.72    170.5
53.73    172.3
53.74    175.0
53.75    177.4
53.76    177.7
53.77    174.8
53.78    169.7
53.79    164.5
53.8     161.3
53.81    160.7
53.82    161.3
53.83    161.8
53.84    161.5
53.85    161.8
53.86    161.7
53.87    161.3
53.88    160.6
53.89    159.9
53.9     159.1
53.91    158.3
53.92    157.6
53.93    157.1
53.94    156.7
53.95    156.6
53.96    156.6
53.97    156.6
53.98    157.4
53.99    158.0
54.0     158.8
54.01    161.0
54.02    165.7
54.03    171.8
54.04    175.9
54.05    174.9
54.06    169.0
54.07    162.3
54.08    160.3
54.09    164.3
54.1     170.5
54.11    173.1
54.12    169.3
54.13    161.9
54.14    156.3
54.15    155.5
54.16    157.9
54.17    159.9
54.18    159.2
54.19    157.3
54.2     156.6
54.21    158.9
54.22    163.7
54.23    169.4
54.24    174.3
54.25    176.7
54.26    175.5
54.27    171.3
54.28    165.8
54.29    161.6
54.3     160.3
54.31    161.4
54.32    163.4
54.33    164.9
54.34    165.4
54.35    165.2
54.36    164.5
54.37    163.4
54.38    161.9
54.39    159.8
54.4     157.4
54.41    155.1
54.42    153.4
54.43    153.0
54.44    154.6
54.45    158.5
54.46    163.7
54.47    168.2
54.48    170.2
54.49    169.1
54.5     165.9
54.51    162.9
54.52    161.8
54.53    162.6
54.54    163.5
54.55    162.3
54.56    159.2
54.57    156.8
54.58    158.0
54.59    163.1
54.6     169.4
54.61    173.4
54.62    173.6
54.63    171.1
54.64    167.7
54.65    164.7
54.66    162.7
54.67    162.1
54.68    163.3
54.69    165.7
54.7     168.2
54.71    169.6
54.72    169.9
54.73    169.1
54.74    167.0
54.75    163.5
54.76    160.0
54.77    159.0
54.78    162.7
54.79    170.2
54.8     177.8
54.81    181.0
54.82    178.4
54.83    172.0
54.84    165.7
54.85    161.8
54.86    159.9
54.87    158.7
54.88    157.7
54.89    157.3
54.9     157.5
54.91    157.8
54.92    158.3
54.93    158.9
54.94    159.4
54.95    159.6
54.96    159.6
54.97    159.4
54.98    158.9
54.99    158.4
55.0     158.5
55.01    158.7
55.02    159.9
55.03    163.1
55.04    168.4
55.05    173.7
55.06    176.8
55.07    176.5
55.08    173.6
55.09    170.1
55.1     168.0
55.11    168.1
55.12    170.5
55.13    174.0
55.14    176.9
55.15    177.1
55.16    173.9
55.17    168.7
55.18    163.8
55.19    160.9
55.2     160.0
55.21    160.9
55.22    163.3
55.23    166.5
55.24    168.9
55.25    168.8
55.26    166.1
55.27    163.2
55.28    162.9
55.29    166.6
55.3     172.4
55.31    177.1
55.32    178.6
55.33    176.8
55.34    173.2
55.35    169.4
55.36    166.0
55.37    163.3
55.38    161.4
55.39    160.3
55.4     159.9
55.41    159.3
55.42    159.1
55.43    158.9
55.44    158.8
55.45    159.1
55.46    159.3
55.47    160.4
55.48    162.9
55.49    166.1
55.5     168.3
55.51    168.4
55.52    167.0
55.53    165.5
55.54    165.2
55.55    166.3
55.56    168.4
55.57    171.3
55.58    174.6
55.59    177.2
55.6     177.3
55.61    173.9
55.62    168.2
55.63    163.0
55.64    160.6
55.65    160.7
55.66    161.8
55.67    163.5
55.68    166.1
55.69    169.7
55.7     172.3
55.71    171.9
55.72    168.1
55.73    163.2
55.74    159.8
55.75    158.4
55.76    157.9
55.77    156.7
55.78    155.1
55.79    154.7
55.8     156.9
55.81    161.8
55.82    167.9
55.83    173.1
55.84    175.9
55.85    175.8
55.86    173.4
55.87    169.5
55.88    164.7
55.89    160.1
55.9     156.9
55.91    156.1
55.92    156.9
55.93    157.7
55.94    157.7
55.95    158.6
55.96    159.3
55.97    159.8
55.98    160.6
55.99    161.7
56.0     163.0
56.01    164.2
56.02    166.1
56.03    168.1
56.04    169.5
56.05    170.6
56.06    172.3
56.07    173.9
56.08    173.6
56.09    170.1
56.1     164.9
56.11    161.0
56.12    160.6
56.13    163.0
56.14    165.9
56.15    167.3
56.16    166.5
56.17    164.7
56.18    163.3
56.19    162.9
56.2     163.4
56.21    163.8
56.22    163.6
56.23    163.7
56.24    165.1
56.25    168.4
56.26    171.9
56.27    173.6
56.28    171.9
56.29    167.7
56.3     163.2
56.31    160.8
56.32    161.1
56.33    162.7
56.34    164.2
56.35    164.3
56.36    163.2
56.37    161.1
56.38    158.4
56.39    155.6
56.4     153.7
56.41    153.9
56.42    156.9
56.43    162.1
56.44    167.3
56.45    169.9
56.46    168.5
56.47    164.1
56.48    159.4
56.49    156.9
56.5     157.3
56.51    159.7
56.52    162.2
56.53    163.6
56.54    163.5
56.55    162.6
56.56    161.6
56.57    161.1
56.58    161.1
56.59    161.9
56.6     163.8
56.61    166.5
56.62    169.2
56.63    170.7
56.64    170.0
56.65    167.1
56.66    163.2
56.67    160.1
56.68    159.4
56.69    161.7
56.7     166.2
56.71    171.0
56.72    174.4
56.73    175.3
56.74    174.4
56.75    172.6
56.76    170.5
56.77    167.6
56.78    163.4
56.79    158.5
56.8     155.0
56.81    155.1
56.82    159.1
56.83    164.6
56.84    167.7
56.85    165.8
56.86    159.9
56.87    153.5
56.88    150.6
56.89    152.3
56.9     156.6
56.91    159.9
56.92    160.1
56.93    157.4
56.94    153.4
56.95    149.9
56.96    148.1
56.97    148.5
56.98    151.5
56.99    156.5
57.0     162.1
57.01    166.3
57.02    167.6
57.03    166.2
57.04    163.7
57.05    162.3
57.06    163.2
57.07    165.9
57.08    168.9
57.09    170.6
57.1     170.4
57.11    168.4
57.12    165.3
57.13    161.5
57.14    157.5
57.15    154.1
57.16    153.3
57.17    155.8
57.18    160.2
57.19    163.3
57.2     163.6
57.21    162.6
57.22    163.5
57.23    166.9
57.24    170.1
57.25    169.4
57.26    165.0
57.27    160.4
57.28    159.8
57.29    163.5
57.3     168.0
57.31    169.0
57.32    165.1
57.33    158.7
57.34    153.8
57.35    152.5
57.36    153.9
57.37    155.9
57.38    156.7
57.39    156.6
57.4     157.0
57.41    156.9
57.42    156.8
57.43    156.8
57.44    157.0
57.45    157.2
57.46    157.6
57.47    158.3
57.48    159.0
57.49    159.7
57.5     160.4
57.51    161.8
57.52    164.0
57.53    165.8
57.54    165.6
57.55    162.5
57.56    157.8
57.57    153.6
57.58    152.3
57.59    154.7
57.6     159.6
57.61    164.2
57.62    165.5
57.63    162.3
57.64    156.6
57.65    152.2
57.66    151.5
57.67    153.6
57.68    155.6
57.69    155.0
57.7     151.7
57.71    147.4
57.72    145.0
57.73    146.5
57.74    152.4
57.75    160.5
57.76    166.6
57.77    166.9
57.78    161.2
57.79    153.3
57.8     148.3
57.81    149.1
57.82    154.3
57.83    159.5
57.84    161.7
57.85    160.9
57.86    159.4
57.87    159.3
57.88    160.8
57.89    162.4
57.9     163.3
57.91    163.2
57.92    162.4
57.93    161.5
57.94    160.2
57.95    158.9
57.96    158.0
57.97    157.4
57.98    157.4
57.99    158.9
58.0     161.8
58.01    164.8
58.02    165.9
58.03    164.1
58.04    160.0
58.05    155.9
58.06    154.4
58.07    156.2
58.08    159.6
58.09    162.4
58.1     163.6
58.11    164.2
58.12    165.8
58.13    168.5
58.14    171.1
58.15    171.5
58.16    168.6
58.17    163.4
58.18    158.6
58.19    156.4
58.2     157.7
58.21    160.2
58.22    161.3
58.23    160.3
58.24    160.5
58.25    160.3
58.26    159.6
58.27    160.0
58.28    161.7
58.29    164.2
58.3     166.7
58.31    168.8
58.32    169.9
58.33    169.9
58.34    168.8
58.35    167.7
58.36    167.6
58.37    169.3
58.38    172.1
58.39    174.7
58.4     175.1
58.41    172.8
58.42    168.9
58.43    165.6
58.44    164.2
58.45    164.3
58.46    164.7
58.47    164.5
58.48    163.7
58.49    163.2
58.5     162.4
58.51    161.5
58.52    160.6
58.53    160.1
58.54    159.6
58.55    159.4
58.56    160.1
58.57    162.0
58.58    164.8
58.59    166.9
58.6     166.7
58.61    163.8
58.62    159.6
58.63    156.5
58.64    156.2
58.65    158.9
58.66    162.8
58.67    166.4
58.68    169.5
58.69    172.7
58.7     175.9
58.71    177.1
58.72    174.8
58.73    169.2
58.74    163.1
58.75    159.4
58.76    159.5
58.77    162.8
58.78    167.1
58.79    170.2
58.8     170.8
58.81    168.7
58.82    165.1
58.83    161.4
58.84    158.5
58.85    156.9
58.86    156.8
58.87    158.4
58.88    161.6
58.89    165.3
58.9     168.1
58.91    168.9
58.92    167.8
58.93    165.7
58.94    164.0
58.95    163.0
58.96    162.8
58.97    163.0
58.98    163.4
58.99    164.0
59.0     165.1
59.01    167.3
59.02    170.7
59.03    174.6
59.04    178.5
59.05    181.9
59.06    185.1
59.07    187.7
59.08    187.9
59.09    184.6
59.1     178.8
59.11    173.7
59.12    172.4
59.13    174.7
59.14    177.7
59.15    178.5
59.16    176.6
59.17    174.1
59.18    173.0
59.19    174.1
59.2     176.8
59.21    179.5
59.22    180.8
59.23    179.7
59.24    176.7
59.25    174.2
59.26    175.3
59.27    181.6
59.28    191.2
59.29    199.6
59.3     202.4
59.31    198.4
59.32    190.5
59.33    182.9
59.34    178.9
59.35    178.6
59.36    180.1
59.37    180.9
59.38    179.5
59.39    177.2
59.4     176.3
59.41    178.7
59.42    184.1
59.43    189.6
59.44    191.8
59.45    189.6
59.46    184.9
59.47    181.8
59.48    182.5
59.49    185.2
59.5     185.5
59.51    180.6
59.52    172.6
59.53    167.4
59.54    169.7
59.55    179.1
59.56    190.2
59.57    196.7
59.58    195.4
59.59    187.9
59.6     179.3
59.61    174.8
59.62    175.9
59.63    180.5
59.64    184.2
59.65    184.1
59.66    180.7
59.67    176.8
59.68    174.9
59.69    175.2
59.7     176.4
59.71    177.0
59.72    176.9
59.73    176.5
59.74    176.4
59.75    176.0
59.76    176.3
59.77    177.2
59.78    178.4
59.79    179.4
59.8     179.8
59.81    179.6
59.82    178.5
59.83    176.7
59.84    174.7
59.85    173.3
59.86    172.8
59.87    172.9
59.88    173.2
59.89    173.8
59.9     174.5
59.91    174.9
59.92    175.2
59.93    175.1
59.94    174.7
59.95    173.9
59.96    173.2
59.97    172.1
59.98    170.8
59.99    170.0
60.0     171.2
60.01    175.0
60.02    179.1
60.03    180.4
60.04    176.7
60.05    168.6
60.06    159.4
60.07    153.6
60.08    154.2
60.09    160.9
60.1     169.9
60.11    176.6
60.12    178.9
60.13    178.0
60.14    177.0
60.15    177.9
60.16    180.5
60.17    182.9
60.18    183.5
60.19    181.8
60.2     178.8
60.21    175.8
60.22    173.7
60.23    172.6
60.24    172.5
60.25    173.8
60.26    177.2
60.27    182.3
60.28    186.7
60.29    187.6
60.3     183.8
60.31    177.5
60.32    172.2
60.33    170.5
60.34    172.2
60.35    175.3
60.36    178.2
60.37    180.7
60.38    183.0
60.39    184.7
60.4     184.7
60.41    182.6
60.42    178.8
60.43    174.9
60.44    172.3
60.45    171.2
60.46    171.0
60.47    170.8
60.48    169.9
60.49    169.4
60.5     168.7
60.51    168.8
60.52    168.4
60.53    168.7
60.54    171.3
60.55    176.0
60.56    180.4
60.57    182.1
60.58    181.1
60.59    179.2
60.6     177.4
60.61    175.6
60.62    173.5
60.63    171.8
60.64    172.2
60.65    174.9
60.66    178.3
60.67    179.5
60.68    176.7
60.69    170.6
60.7     163.9
60.71    160.1
60.72    161.0
60.73    165.6
60.74    170.5
60.75    172.5
60.76    170.4
60.77    166.4
60.78    163.9
60.79    164.7
60.8     168.2
60.81    171.6
60.82    173.6
60.83    174.4
60.84    175.1
60.85    175.6
60.86    175.9
60.87    176.0
60.88    176.0
60.89    175.5
60.9     174.5
60.91    173.7
60.92    173.0
60.93    172.6
60.94    172.8
60.95    173.4
60.96    173.7
60.97    172.8
60.98    170.2
60.99    166.9
61.0     165.2
61.01    167.4
61.02    173.6
61.03    181.3
61.04    186.7
61.05    187.4
61.06    182.9
61.07    175.4
61.08    168.1
61.09    164.2
61.1     164.6
61.11    167.9
61.12    171.5
61.13    173.8
61.14    175.6
61.15    178.6
61.16    183.1
61.17    187.2
61.18    188.3
61.19    184.9
61.2     177.6
61.21    168.6
61.22    160.5
61.23    156.0
61.24    156.7
61.25    162.2
61.26    169.9
61.27    176.4
61.28    179.5
61.29    179.5
61.3     178.3
61.31    177.7
61.32    178.1
61.33    179.0
61.34    179.7
61.35    180.0
61.36    179.9
61.37    179.9
61.38    179.7
61.39    179.4
61.4     179.2
61.41    179.1
61.42    179.4
61.43    180.1
61.44    180.6
61.45    179.6
61.46    176.3
61.47    171.1
61.48    166.2
61.49    163.6
61.5     164.1
61.51    166.6
61.52    169.7
61.53    173.2
61.54    177.3
61.55    181.8
61.56    185.2
61.57    185.6
61.58    182.2
61.59    176.6
61.6     171.3
61.61    168.4
61.62    167.9
61.63    168.4
61.64    168.4
61.65    167.6
61.66    167.4
61.67    166.8
61.68    166.0
61.69    165.2
61.7     164.3
61.71    163.4
61.72    162.6
61.73    161.9
61.74    161.5
61.75    161.5
61.76    161.8
61.77    162.7
61.78    164.6
61.79    167.2
61.8     169.3
61.81    170.1
61.82    169.5
61.83    168.0
61.84    166.4
61.85    165.3
61.86    164.6
61.87    163.3
61.88    160.7
61.89    157.0
61.9     153.7
61.91    153.5
61.92    156.6
61.93    161.3
61.94    165.6
61.95    168.9
61.96    171.1
61.97    171.5
61.98    169.0
61.99    163.6
62.0     157.6
62.01    154.3
62.02    155.4
62.03    160.3
62.04    166.9
62.05    173.9
62.06    180.8
62.07    186.4
62.08    187.7
62.09    181.9
62.1     169.3
62.11    155.1
62.12    146.1
62.13    146.3
62.14    154.4
62.15    165.3
62.16    173.7
62.17    176.9
62.18    175.1
62.19    170.3
62.2     164.8
62.21    160.3
62.22    158.7
62.23    160.1
62.24    163.2
62.25    165.2
62.26    164.1
62.27    160.7
62.28    157.3
62.29    155.9
62.3     156.8
62.31    159.1
62.32    162.1
62.33    164.9
62.34    166.8
62.35    167.0
62.36    165.6
62.37    164.3
62.38    165.0
62.39    168.1
62.4     171.4
62.41    171.3
62.42    166.2
62.43    159.0
62.44    155.0
62.45    157.3
62.46    165.1
62.47    174.2
62.48    181.5
62.49    185.4
62.5     185.6
62.51    181.7
62.52    173.3
62.53    162.3
62.54    152.7
62.55    148.9
62.56    153.1
62.57    163.1
62.58    173.2
62.59    178.0
62.6     175.7
62.61    169.1
62.62    162.3
62.63    158.1
62.64    157.0
62.65    158.8
62.66    162.6
62.67    166.9
62.68    170.1
62.69    171.3
62.7     170.4
62.71    168.2
62.72    165.3
62.73    162.6
62.74    160.9
62.75    160.1
62.76    159.2
62.77    157.8
62.78    157.3
62.79    159.4
62.8     164.8
62.81    171.5
62.82    176.5
62.83    178.0
62.84    176.5
62.85    173.7
62.86    170.8
62.87    168.0
62.88    165.1
62.89    162.1
62.9     158.9
62.91    155.7
62.92    153.2
62.93    152.5
62.94    154.7
62.95    159.4
62.96    164.3
62.97    166.9
62.98    166.1
62.99    163.6
63.0     162.2
63.01    163.6
63.02    167.1
63.03    170.5
63.04    172.2
63.05    172.4
63.06    172.0
63.07    171.7
63.08    171.1
63.09    169.8
63.1     167.7
63.11    165.0
63.12    162.3
63.13    160.6
63.14    160.8
63.15    162.6
63.16    164.8
63.17    165.6
63.18    164.2
63.19    161.5
63.2     158.7
63.21    156.4
63.22    154.6
63.23    153.5
63.24    153.5
63.25    155.4
63.26    159.3
63.27    164.7
63.28    170.2
63.29    172.8
63.3     170.4
63.31    163.0
63.32    154.0
63.33    148.6
63.34    150.0
63.35    157.5
63.36    167.0
63.37    174.5
63.38    177.5
63.39    176.5
63.4     173.2
63.41    169.2
63.42    165.7
63.43    163.4
63.44    162.5
63.45    162.3
63.46    162.2
63.47    161.8
63.48    161.9
63.49    161.9
63.5     161.8
63.51    161.5
63.52    161.8
63.53    161.7
63.54    161.6
63.55    162.4
63.56    164.9
63.57    168.9
63.58    172.4
63.59    172.9
63.6     169.6
63.61    164.3
63.62    160.2
63.63    159.4
63.64    161.4
63.65    164.0
63.66    165.7
63.67    166.9
63.68    168.4
63.69    169.7
63.7     169.0
63.71    165.3
63.72    159.9
63.73    155.3
63.74    153.5
63.75    154.0
63.76    155.5
63.77    156.7
63.78    157.6
63.79    158.7
63.8     161.2
63.81    165.3
63.82    170.2
63.83    173.6
63.84    173.3
63.85    169.1
63.86    164.1
63.87    162.0
63.88    163.5
63.89    166.1
63.9     166.4
63.91    163.6
63.92    159.5
63.93    156.8
63.94    156.4
63.95    157.7
63.96    159.7
63.97    161.1
63.98    161.4
63.99    160.4
64.0     158.4
64.01    156.2
64.02    154.3
64.03    152.8
64.04    151.8
64.05    151.8
64.06    153.1
64.07    155.9
64.08    159.8
64.09    164.5
64.1     169.3
64.11    173.0
64.12    173.8
64.13    171.3
64.14    167.0
64.15    164.0
64.16    164.5
64.17    168.1
64.18    172.8
64.19    176.5
64.2     178.1
64.21    177.2
64.22    173.8
64.23    169.3
64.24    166.1
64.25    165.8
64.26    167.7
64.27    168.8
64.28    166.9
64.29    162.6
64.3     159.0
64.31    158.5
64.32    160.2
64.33    161.0
64.34    160.0
64.35    160.8
64.36    160.6
64.37    160.0
64.38    161.0
64.39    164.5
64.4     169.6
64.41    174.0
64.42    175.0
64.43    172.2
64.44    167.6
64.45    164.9
64.46    166.1
64.47    169.6
64.48    172.6
64.49    173.1
64.5     171.8
64.51    170.6
64.52    170.8
64.53    172.3
64.54    174.5
64.55    176.8
64.56    177.8
64.57    176.5
64.58    172.2
64.59    165.8
64.6     159.4
64.61    154.9
64.62    153.4
64.63    154.7
64.64    157.9
64.65    161.9
64.66    165.4
64.67    167.4
64.68    168.0
64.69    168.3
64.7     169.1
64.71    169.7
64.72    168.3
64.73    164.2
64.74    159.3
64.75    156.8
64.76    158.6
64.77    163.7
64.78    168.9
64.79    170.7
64.8     168.0
64.81    162.3
64.82    157.1
64.83    155.2
64.84    157.1
64.85    161.1
64.86    164.0
64.87    163.9
64.88    161.3
64.89    158.8
64.9     159.0
64.91    162.2
64.92    166.5
64.93    169.3
64.94    169.4
64.95    166.7
64.96    163.0
64.97    160.6
64.98    161.4
64.99    165.3
65.0     169.0
65.01    169.1
65.02    164.4
65.03    157.5
65.04    152.6
65.05    151.7
65.06    153.8
65.07    156.2
65.08    157.4
65.09    158.4
65.1     160.9
65.11    165.5
65.12    170.8
65.13    174.9
65.14    176.4
65.15    174.9
65.16    170.4
65.17    163.6
65.18    156.2
65.19    151.0
65.2     150.1
65.21    153.6
65.22    159.6
65.23    166.0
65.24    171.6
65.25    175.9
65.26    178.0
65.27    177.4
65.28    175.1
65.29    172.8
65.3     171.8
65.31    172.0
65.32    172.1
65.33    171.1
65.34    169.4
65.35    168.0
65.36    166.5
65.37    165.0
65.38    164.0
65.39    163.4
65.4     163.1
65.41    163.3
65.42    163.8
65.43    164.7
65.44    165.8
65.45    167.0
65.46    168.4
65.47    170.0
65.48    171.5
65.49    172.6
65.5     173.8
65.51    175.3
65.52    176.3
65.53    174.9
65.54    170.3
65.55    164.4
65.56    161.3
65.57    163.2
65.58    169.3
65.59    176.1
65.6     180.0
65.61    179.1
65.62    173.4
65.63    165.0
65.64    157.3
65.65    153.1
65.66    153.3
65.67    156.7
65.68    160.9
65.69    164.4
65.7     166.9
65.71    168.3
65.72    167.9
65.73    165.2
65.74    161.1
65.75    157.7
65.76    156.8
65.77    158.2
65.78    160.1
65.79    161.1
65.8     161.7
65.81    162.5
65.82    163.5
65.83    164.1
65.84    163.7
65.85    162.6
65.86    160.9
65.87    158.9
65.88    156.8
65.89    155.2
65.9     154.6
65.91    154.8
65.92    155.1
65.93    155.7
65.94    156.5
65.95    157.2
65.96    157.8
65.97    158.3
65.98    158.6
65.99    158.9
66.0     159.1
66.01    159.2
66.02    159.4
66.03    159.7
66.04    160.0
66.05    160.3
66.06    160.6
66.07    160.8
66.08    161.0
66.09    161.2
66.1     161.4
66.11    161.8
66.12    162.2
66.13    163.0
66.14    164.3
66.15    166.0
66.16    167.9
66.17    169.4
66.18    169.8
66.19    168.5
66.2     165.8
66.21    163.0
66.22    161.4
66.23    161.0
66.24    160.5
66.25    158.9
66.26    156.8
66.27    156.4
66.28    159.4
66.29    164.9
66.3     169.0
66.31    167.9
66.32    161.2
66.33    152.9
66.34    148.5
66.35    150.4
66.36    156.4
66.37    161.8
66.38    163.2
66.39    160.7
66.4     156.9
66.41    154.4
66.42    154.4
66.43    156.1
66.44    157.9
66.45    158.6
66.46    158.4
66.47    158.8
66.48    159.0
66.49    159.3
66.5     160.3
66.51    162.1
66.52    164.8
66.53    168.7
66.54    173.6
66.55    177.9
66.56    179.1
66.57    176.0
66.58    170.2
66.59    165.0
66.6     162.7
66.61    163.0
66.62    163.9
66.63    163.4
66.64    161.6
66.65    160.3
66.66    158.3
66.67    156.1
66.68    154.0
66.69    152.3
66.7     151.3
66.71    150.8
66.72    151.6
66.73    154.0
66.74    157.5
66.75    161.0
66.76    163.4
66.77    164.7
66.78    165.4
66.79    165.6
66.8     165.0
66.81    163.5
66.82    161.3
66.83    159.0
66.84    157.1
66.85    156.6
66.86    158.4
66.87    162.7
66.88    167.5
66.89    169.6
66.9     167.6
66.91    163.7
66.92    161.6
66.93    163.6
66.94    167.9
66.95    170.9
66.96    169.5
66.97    164.2
66.98    157.6
66.99    152.8
67.0     152.0
67.01    155.5
67.02    161.8
67.03    168.0
67.04    171.0
67.05    169.6
67.06    165.4
67.07    161.6
67.08    160.6
67.09    162.4
67.1     165.4
67.11    167.9
67.12    169.3
67.13    169.2
67.14    167.6
67.15    165.0
67.16    162.3
67.17    160.7
67.18    160.3
67.19    160.5
67.2     160.6
67.21    160.2
67.22    160.1
67.23    159.6
67.24    158.8
67.25    157.8
67.26    157.3
67.27    156.6
67.28    156.3
67.29    157.7
67.3     161.0
67.31    164.8
67.32    166.7
67.33    165.6
67.34    163.0
67.35    161.3
67.36    161.6
67.37    163.3
67.38    164.4
67.39    164.4
67.4     164.9
67.41    168.0
67.42    173.9
67.43    179.9
67.44    182.5
67.45    179.7
67.46    173.0
67.47    165.7
67.48    160.6
67.49    158.9
67.5     160.7
67.51    165.4
67.52    171.1
67.53    174.6
67.54    173.6
67.55    168.3
67.56    162.6
67.57    160.1
67.58    162.0
67.59    165.4
67.6     166.5
67.61    163.2
67.62    156.7
67.63    150.1
67.64    146.6
67.65    147.5
67.66    151.8
67.67    156.4
67.68    158.9
67.69    158.9
67.7     158.3
67.71    159.5
67.72    163.7
67.73    169.8
67.74    175.3
67.75    177.4
67.76    175.2
67.77    169.8
67.78    163.3
67.79    157.5
67.8     153.0
67.81    149.8
67.82    148.6
67.83    150.5
67.84    156.1
67.85    164.3
67.86    171.7
67.87    175.4
67.88    174.3
67.89    170.7
67.9     167.9
67.91    167.9
67.92    169.6
67.93    170.0
67.94    167.0
67.95    161.2
67.96    155.7
67.97    153.8
67.98    156.4
67.99    161.6
68.0     166.4
68.01    168.7
68.02    168.6
68.03    167.4
68.04    165.7
68.05    163.7
68.06    161.5
68.07    159.9
68.08    159.4
68.09    159.2
68.1     157.9
68.11    155.8
68.12    155.1
68.13    157.6
68.14    162.2
68.15    165.4
68.16    164.4
68.17    159.7
68.18    154.9
68.19    152.9
68.2     154.2
68.21    157.4
68.22    160.8
68.23    163.2
68.24    164.7
68.25    166.0
68.26    168.0
68.27    170.5
68.28    172.3
68.29    171.3
68.3     166.9
68.31    161.3
68.32    157.6
68.33    157.8
68.34    161.4
68.35    165.6
68.36    168.2
68.37    168.5
68.38    167.1
68.39    164.4
68.4     160.3
68.41    154.9
68.42    149.7
68.43    147.1
68.44    148.3
68.45    152.8
68.46    158.9
68.47    164.7
68.48    168.9
68.49    170.5
68.5     169.1
68.51    165.7
68.52    162.1
68.53    159.3
68.54    157.8
68.55    156.7
68.56    155.8
68.57    155.5
68.58    156.8
68.59    160.2
68.6     164.9
68.61    168.3
68.62    168.1
68.63    164.3
68.64    159.5
68.65    156.8
68.66    157.0
68.67    157.9
68.68    156.7
68.69    153.3
68.7     150.1
68.71    149.9
68.72    153.7
68.73    159.9
68.74    166.2
68.75    170.5
68.76    171.5
68.77    169.3
68.78    165.5
68.79    162.0
68.8     160.1
68.81    159.7
68.82    160.2
68.83    160.5
68.84    160.3
68.85    159.6
68.86    159.2
68.87    160.0
68.88    162.1
68.89    164.8
68.9     166.4
68.91    165.4
68.92    161.3
68.93    155.0
68.94    148.6
68.95    145.3
68.96    147.2
68.97    154.1
68.98    163.3
68.99    171.0
69.0     174.7
69.01    173.9
69.02    170.1
69.03    165.3
69.04    162.2
69.05    162.6
69.06    166.7
69.07    172.2
69.08    175.5
69.09    174.3
69.1     169.1
69.11    162.5
69.12    157.7
69.13    155.8
69.14    156.2
69.15    157.1
69.16    157.0
69.17    156.0
69.18    155.3
69.19    156.2
69.2     159.0
69.21    162.5
69.22    164.8
69.23    165.0
69.24    163.6
69.25    162.4
69.26    163.1
69.27    165.8
69.28    169.2
69.29    170.8
69.3     169.5
69.31    165.9
69.32    162.3
69.33    161.1
69.34    163.2
69.35    167.7
69.36    172.1
69.37    174.0
69.38    172.8
69.39    169.5
69.4     165.7
69.41    162.5
69.42    160.6
69.43    160.5
69.44    162.2
69.45    164.8
69.46    167.3
69.47    168.4
69.48    168.1
69.49    167.0
69.5     166.0
69.51    165.4
69.52    165.1
69.53    164.7
69.54    163.7
69.55    162.1
69.56    160.3
69.57    158.1
69.58    155.8
69.59    153.6
69.6     151.7
69.61    150.4
69.62    149.9
69.63    150.7
69.64    153.4
69.65    157.5
69.66    161.6
69.67    164.4
69.68    165.5
69.69    165.4
69.7     164.4
69.71    162.2
69.72    158.9
69.73    155.9
69.74    154.6
69.75    155.7
69.76    158.0
69.77    160.3
69.78    162.0
69.79    163.4
69.8     165.5
69.81    168.1
69.82    169.8
69.83    168.6
69.84    164.4
69.85    159.4
69.86    157.4
69.87    160.0
69.88    165.6
69.89    170.2
69.9     170.6
69.91    166.7
69.92    161.2
69.93    157.7
69.94    158.4
69.95    163.1
69.96    169.0
69.97    172.5
69.98    171.9
69.99    167.9
70.0     162.8
70.01    158.9
70.02    157.2
70.03    158.0
70.04    161.1
70.05    166.0
70.06    171.5
70.07    175.9
70.08    178.3
70.09    178.9
70.1     178.4
70.11    176.6
70.12    172.7
70.13    166.6
70.14    160.3
70.15    157.6
70.16    160.8
70.17    168.8
70.18    176.7
70.19    180.1
70.2     178.1
70.21    173.7
70.22    170.7
70.23    170.2
70.24    171.0
70.25    171.2
70.26    169.9
70.27    167.2
70.28    163.9
70.29    160.6
70.3     158.3
70.31    157.7
70.32    159.0
70.33    161.2
70.34    163.0
70.35    163.3
70.36    162.2
70.37    160.6
70.38    159.5
70.39    159.5
70.4     160.2
70.41    160.8
70.42    160.9
70.43    161.4
70.44    163.0
70.45    165.7
70.46    168.1
70.47    168.8
70.48    167.4
70.49    165.0
70.5     163.4
70.51    163.9
70.52    166.4
70.53    169.2
70.54    169.9
70.55    167.2
70.56    161.6
70.57    155.1
70.58    150.5
70.59    149.0
70.6     150.4
70.61    153.4
70.62    157.1
70.63    160.8
70.64    164.1
70.65    166.2
70.66    166.4
70.67    164.7
70.68    161.8
70.69    158.8
70.7     157.3
70.71    157.9
70.72    160.3
70.73    163.5
70.74    166.1
70.75    167.4
70.76    167.4
70.77    166.4
70.78    165.1
70.79    163.8
70.8     162.9
70.81    162.2
70.82    161.3
70.83    160.1
70.84    159.1
70.85    158.1
70.86    157.2
70.87    157.5
70.88    158.0
70.89    159.7
70.9     164.3
70.91    171.9
70.92    180.0
70.93    185.1
70.94    184.6
70.95    178.3
70.96    169.0
70.97    160.0
70.98    154.4
70.99    153.5
71.0     157.2
71.01    163.6
71.02    169.9
71.03    173.8
71.04    174.7
71.05    173.6
71.06    172.2
71.07    171.1
71.08    169.7
71.09    167.1
71.1     162.7
71.11    157.7
71.12    154.1
71.13    153.7
71.14    156.7
71.15    161.0
71.16    164.2
71.17    165.2
71.18    164.5
71.19    163.6
71.2     163.4
71.21    164.1
71.22    165.0
71.23    165.6
71.24    165.9
71.25    166.0
71.26    166.3
71.27    166.4
71.28    166.0
71.29    166.0
71.3     168.1
71.31    173.1
71.32    178.7
71.33    181.2
71.34    178.3
71.35    171.1
71.36    163.3
71.37    158.9
71.38    158.7
71.39    160.4
71.4     161.7
71.41    162.3
71.42    164.0
71.43    167.8
71.44    172.0
71.45    173.0
71.46    169.1
71.47    162.2
71.48    156.4
71.49    154.9
71.5     157.8
71.51    162.7
71.52    167.0
71.53    169.0
71.54    168.6
71.55    167.1
71.56    166.0
71.57    166.1
71.58    166.6
71.59    165.7
71.6     162.5
71.61    157.6
71.62    153.5
71.63    152.5
71.64    155.2
71.65    160.0
71.66    164.3
71.67    165.7
71.68    163.8
71.69    160.8
71.7     159.2
71.71    160.5
71.72    163.4
71.73    165.9
71.74    166.4
71.75    165.1
71.76    162.6
71.77    159.9
71.78    158.8
71.79    161.0
71.8     167.2
71.81    175.2
71.82    181.1
71.83    181.6
71.84    176.7
71.85    169.5
71.86    163.9
71.87    161.7
71.88    162.2
71.89    163.3
71.9     163.5
71.91    162.7
71.92    162.3
71.93    161.4
71.94    160.2
71.95    159.0
71.96    158.0
71.97    157.2
71.98    156.7
71.99    156.6
72.0     156.9
72.01    157.6
72.02    158.7
72.03    160.0
72.04    161.4
72.05    162.4
72.06    163.9
72.07    164.6
72.08    164.4
72.09    164.5
72.1     166.8
72.11    171.7
72.12    177.1
72.13    179.3
72.14    175.7
72.15    168.0
72.16    160.8
72.17    158.0
72.18    159.4
72.19    161.9
72.2     162.7
72.21    162.0
72.22    162.3
72.23    161.8
72.24    161.0
72.25    160.5
72.26    160.2
72.27    160.0
72.28    160.1
72.29    160.6
72.3     161.4
72.31    162.9
72.32    165.2
72.33    168.1
72.34    170.4
72.35    171.4
72.36    170.6
72.37    168.2
72.38    165.2
72.39    162.9
72.4     161.7
72.41    161.5
72.42    161.7
72.43    162.1
72.44    162.7
72.45    163.4
72.46    163.7
72.47    163.9
72.48    164.6
72.49    164.7
72.5     165.0
72.51    166.6
72.52    169.2
72.53    171.3
72.54    171.7
72.55    170.1
72.56    167.4
72.57    164.6
72.58    162.6
72.59    161.7
72.6     161.5
72.61    161.1
72.62    160.7
72.63    160.8
72.64    161.4
72.65    162.7
72.66    164.2
72.67    165.5
72.68    166.4
72.69    168.8
72.7     167.4
72.71    166.1
72.72    166.4
72.73    168.0
72.74    168.8
72.75    167.4
72.76    164.2
72.77    160.4
72.78    157.4
72.79    156.1
72.8     156.9
72.81    159.5
72.82    161.9
72.83    162.1
72.84    159.4
72.85    156.4
72.86    155.9
72.87    158.6
72.88    162.4
72.89    164.6
72.9     164.3
72.91    162.2
72.92    160.0
72.93    159.0
72.94    159.9
72.95    162.5
72.96    165.3
72.97    166.2
72.98    164.2
72.99    160.6
73.0     157.9
73.01    157.8
73.02    159.7
73.03    161.4
73.04    161.9
73.05    161.9
73.06    162.9
73.07    165.2
73.08    168.0
73.09    169.7
73.1     169.7
73.11    169.0
73.12    168.3
73.13    167.8
73.14    167.0
73.15    165.8
73.16    164.9
73.17    164.5
73.18    164.3
73.19    162.9
73.2     159.6
73.21    155.2
73.22    151.3
73.23    149.8
73.24    151.2
73.25    155.1
73.26    160.0
73.27    164.2
73.28    167.1
73.29    168.9
73.3     169.2
73.31    167.7
73.32    164.1
73.33    159.6
73.34    156.0
73.35    154.1
73.36    153.2
73.37    152.7
73.38    152.4
73.39    152.9
73.4     153.6
73.41    154.7
73.42    156.0
73.43    157.0
73.44    158.7
73.45    159.6
73.46    159.6
73.47    160.2
73.48    163.2
73.49    168.4
73.5     172.6
73.51    173.2
73.52    170.6
73.53    167.8
73.54    167.4
73.55    168.9
73.56    170.3
73.57    170.3
73.58    170.2
73.59    172.4
73.6     177.0
73.61    181.4
73.62    181.9
73.63    177.7
73.64    171.3
73.65    166.7
73.66    165.6
73.67    167.0
73.68    168.6
73.69    169.3
73.7     169.5
73.71    169.8
73.72    171.1
73.73    173.5
73.74    176.2
73.75    177.5
73.76    175.8
73.77    172.1
73.78    168.6
73.79    167.0
73.8     166.1
73.81    163.3
73.82    158.4
73.83    153.5
73.84    151.7
73.85    153.9
73.86    157.9
73.87    160.5
73.88    159.7
73.89    156.4
73.9     153.4
73.91    153.6
73.92    157.7
73.93    163.7
73.94    168.3
73.95    168.5
73.96    164.9
73.97    160.3
73.98    158.1
73.99    159.1
74.0     161.8
74.01    164.2
74.02    165.3
74.03    165.3
74.04    164.5
74.05    163.4
74.06    162.2
74.07    161.7
74.08    161.9
74.09    162.3
74.1     162.4
74.11    161.6
74.12    159.7
74.13    156.8
74.14    153.2
74.15    149.9
74.16    148.0
74.17    148.2
74.18    150.8
74.19    155.7
74.2     161.3
74.21    165.3
74.22    165.6
74.23    162.6
74.24    159.4
74.25    159.3
74.26    163.3
74.27    168.5
74.28    171.3
74.29    169.7
74.3     165.1
74.31    160.4
74.32    157.7
74.33    157.0
74.34    157.3
74.35    157.8
74.36    158.5
74.37    159.9
74.38    161.8
74.39    163.2
74.4     163.0
74.41    160.7
74.42    157.1
74.43    154.0
74.44    152.8
74.45    153.4
74.46    155.2
74.47    157.5
74.48    160.1
74.49    162.6
74.5     164.4
74.51    165.3
74.52    165.8
74.53    166.1
74.54    166.0
74.55    165.0
74.56    162.9
74.57    160.4
74.58    159.3
74.59    160.5
74.6     163.2
74.61    164.7
74.62    163.2
74.63    159.2
74.64    155.6
74.65    155.0
74.66    157.2
74.67    159.9
74.68    161.3
74.69    161.7
74.7     162.8
74.71    165.5
74.72    168.6
74.73    170.5
74.74    170.3
74.75    168.5
74.76    165.9
74.77    163.3
74.78    160.8
74.79    158.9
74.8     157.7
74.81    157.3
74.82    157.6
74.83    159.0
74.84    159.4
74.85    159.2
74.86    160.2
74.87    164.0
74.88    169.8
74.89    174.3
74.9     174.5
74.91    170.3
74.92    165.1
74.93    163.0
74.94    166.0
74.95    171.5
74.96    175.0
74.97    173.1
74.98    166.5
74.99    158.7
75.0     153.3
75.01    152.0
75.02    154.3
75.03    158.7
75.04    163.3
75.05    166.2
75.06    165.9
75.07    162.5
75.08    158.0
75.09    155.0
75.1     155.1
75.11    157.7
75.12    161.0
75.13    163.5
75.14    164.7
75.15    164.8
75.16    164.4
75.17    164.0
75.18    164.1
75.19    165.4
75.2     168.5
75.21    172.6
75.22    176.2
75.23    177.4
75.24    175.5
75.25    171.5
75.26    167.7
75.27    165.6
75.28    165.6
75.29    166.8
75.3     168.3
75.31    169.8
75.32    170.4
75.33    169.0
75.34    165.2
75.35    160.3
75.36    156.7
75.37    156.6
75.38    159.8
75.39    164.0
75.4     166.5
75.41    165.7
75.42    162.2
75.43    157.7
75.44    154.4
75.45    154.0
75.46    156.9
75.47    161.9
75.48    166.5
75.49    168.4
75.5     167.1
75.51    164.7
75.52    163.7
75.53    164.4
75.54    165.0
75.55    163.1
75.56    158.8
75.57    154.0
75.58    151.2
75.59    151.5
75.6     153.8
75.61    156.5
75.62    158.6
75.63    160.1
75.64    161.5
75.65    163.1
75.66    164.9
75.67    166.0
75.68    165.7
75.69    163.8
75.7     160.9
75.71    158.7
75.72    157.9
75.73    158.3
75.74    158.4
75.75    158.1
75.76    159.1
75.77    162.7
75.78    167.7
75.79    170.4
75.8     168.3
75.81    162.5
75.82    157.2
75.83    156.7
75.84    161.7
75.85    169.2
75.86    175.0
75.87    176.7
75.88    174.4
75.89    170.0
75.9     165.2
75.91    161.5
75.92    160.1
75.93    161.5
75.94    164.6
75.95    166.9
75.96    166.2
75.97    162.3
75.98    156.6
75.99    151.1
76.0     147.0
76.01    144.8
76.02    145.1
76.03    148.2
76.04    153.5
76.05    158.8
76.06    161.6
76.07    161.0
76.08    158.3
76.09    155.7
76.1     154.4
76.11    154.3
76.12    154.4
76.13    154.2
76.14    153.8
76.15    153.6
76.16    153.5
76.17    153.7
76.18    155.0
76.19    158.3
76.2     163.5
76.21    168.7
76.22    171.0
76.23    168.9
76.24    163.3
76.25    157.5
76.26    154.6
76.27    155.7
76.28    158.6
76.29    159.1
76.3     155.8
76.31    154.5
76.32    153.4
76.33    154.0
76.34    157.2
76.35    160.8
76.36    163.6
76.37    164.8
76.38    164.5
76.39    162.6
76.4     160.1
76.41    158.7
76.42    160.1
76.43    164.2
76.44    168.5
76.45    170.0
76.46    167.2
76.47    161.7
76.48    156.6
76.49    155.0
76.5     157.1
76.51    161.1
76.52    164.0
76.53    164.1
76.54    161.9
76.55    159.4
76.56    158.7
76.57    160.3
76.58    163.1
76.59    165.2
76.6     165.3
76.61    163.6
76.62    160.8
76.63    158.6
76.64    158.2
76.65    160.0
76.66    163.2
76.67    165.6
76.68    166.3
76.69    166.2
76.7     167.5
76.71    171.2
76.72    175.5
76.73    177.1
76.74    174.4
76.75    169.3
76.76    165.5
76.77    165.5
76.78    168.4
76.79    171.3
76.8     171.9
76.81    170.0
76.82    167.0
76.83    164.7
76.84    163.6
76.85    163.3
76.86    162.3
76.87    159.7
76.88    155.4
76.89    151.2
76.9     149.4
76.91    151.4
76.92    156.3
76.93    161.4
76.94    164.4
76.95    164.3
76.96    161.7
76.97    157.9
76.98    154.4
76.99    153.2
77.0     155.0
77.01    159.9
77.02    166.2
77.03    171.5
77.04    173.4
77.05    171.0
77.06    165.6
77.07    160.4
77.08    158.4
77.09    160.0
77.1     163.2
77.11    165.3
77.12    165.0
77.13    163.2
77.14    161.2
77.15    159.6
77.16    158.2
77.17    156.2
77.18    154.0
77.19    153.2
77.2     155.3
77.21    159.8
77.22    164.2
77.23    165.6
77.24    163.0
77.25    158.6
77.26    155.0
77.27    153.9
77.28    154.7
77.29    156.3
77.3     157.6
77.31    158.8
77.32    160.4
77.33    161.7
77.34    162.7
77.35    163.7
77.36    165.1
77.37    166.4
77.38    166.9
77.39    165.5
77.4     161.9
77.41    157.6
77.42    155.4
77.43    157.6
77.44    163.5
77.45    169.9
77.46    173.0
77.47    171.2
77.48    165.8
77.49    159.7
77.5     155.2
77.51    153.2
77.52    153.3
77.53    154.4
77.54    155.9
77.55    157.5
77.56    159.6
77.57    161.6
77.58    163.3
77.59    164.7
77.6     165.7
77.61    166.1
77.62    166.0
77.63    165.5
77.64    164.4
77.65    163.1
77.66    162.1
77.67    161.0
77.68    160.5
77.69    161.4
77.7     163.7
77.71    165.8
77.72    165.9
77.73    163.1
77.74    158.9
77.75    155.9
77.76    155.7
77.77    157.6
77.78    158.7
77.79    157.0
77.8     153.5
77.81    151.6
77.82    153.4
77.83    157.0
77.84    158.2
77.85    155.0
77.86    150.0
77.87    148.3
77.88    152.8
77.89    160.9
77.9     167.9
77.91    170.8
77.92    170.8
77.93    170.8
77.94    172.1
77.95    173.7
77.96    173.5
77.97    171.2
77.98    168.4
77.99    167.0
78.0     167.3
78.01    168.2
78.02    167.8
78.03    168.1
78.04    168.1
78.05    167.9
78.06    167.6
78.07    167.4
78.08    167.7
78.09    168.5
78.1     169.3
78.11    169.6
78.12    169.0
78.13    167.3
78.14    165.0
78.15    162.6
78.16    161.0
78.17    160.9
78.18    162.3
78.19    164.7
78.2     167.5
78.21    169.9
78.22    171.6
78.23    172.1
78.24    171.1
78.25    168.5
78.26    164.8
78.27    161.7
78.28    160.3
78.29    160.2
78.3     160.1
78.31    159.5
78.32    160.4
78.33    161.1
78.34    162.1
78.35    164.9
78.36    169.4
78.37    173.7
78.38    175.3
78.39    173.7
78.4     170.3
78.41    166.9
78.42    163.7
78.43    160.1
78.44    156.1
78.45    153.2
78.46    153.4
78.47    157.2
78.48    162.8
78.49    166.9
78.5     167.2
78.51    163.2
78.52    157.2
78.53    152.3
78.54    151.3
78.55    154.5
78.56    160.3
78.57    166.4
78.58    170.9
78.59    173.0
78.6     172.3
78.61    170.1
78.62    168.0
78.63    167.7
78.64    168.9
78.65    170.2
78.66    170.4
78.67    169.9
78.68    169.2
78.69    168.2
78.7     166.2
78.71    163.0
78.72    159.6
78.73    157.6
78.74    158.1
78.75    160.8
78.76    164.4
78.77    166.8
78.78    166.8
78.79    164.6
78.8     161.5
78.81    159.3
78.82    159.4
78.83    162.1
78.84    165.8
78.85    168.0
78.86    167.2
78.87    164.5
78.88    162.3
78.89    162.2
78.9     163.3
78.91    163.3
78.92    161.3
78.93    159.0
78.94    159.4
78.95    164.0
78.96    171.5
78.97    178.1
78.98    180.5
78.99    177.0
79.0     169.2
79.01    160.1
79.02    153.1
79.03    150.4
79.04    152.1
79.05    156.3
79.06    159.6
79.07    159.0
79.08    154.1
79.09    147.7
79.1     143.8
79.11    144.8
79.12    149.8
79.13    156.2
79.14    161.2
79.15    164.1
79.16    165.7
79.17    167.0
79.18    167.8
79.19    166.9
79.2     163.9
79.21    160.0
79.22    157.6
79.23    158.3
79.24    161.7
79.25    165.3
79.26    166.4
79.27    164.1
79.28    159.5
79.29    155.4
79.3     153.6
79.31    154.2
79.32    155.2
79.33    154.9
79.34    153.0
79.35    152.1
79.36    152.6
79.37    154.6
79.38    158.1
79.39    162.1
79.4     165.7
79.41    167.7
79.42    167.5
79.43    164.9
79.44    161.0
79.45    158.1
79.46    158.7
79.47    163.1
79.48    168.6
79.49    171.5
79.5     169.3
79.51    163.1
79.52    156.3
79.53    152.0
79.54    151.1
79.55    153.0
79.56    156.2
79.57    159.4
79.58    162.1
79.59    164.0
79.6     165.1
79.61    165.0
79.62    163.5
79.63    161.3
79.64    159.7
79.65    160.2
79.66    162.2
79.67    163.3
79.68    161.1
79.69    156.0
79.7     151.2
79.71    150.4
79.72    154.5
79.73    161.6
79.74    168.2
79.75    172.3
79.76    173.1
79.77    171.6
79.78    168.5
79.79    164.7
79.8     160.9
79.81    158.4
79.82    158.3
79.83    161.2
79.84    166.0
79.85    170.5
79.86    172.7
79.87    171.5
79.88    168.0
79.89    163.9
79.9     161.5
79.91    162.3
79.92    165.9
79.93    170.7
79.94    174.5
79.95    176.0
79.96    175.8
79.97    176.1
79.98    176.1
79.99    176.1
80.0     176.1
